intervals,technique,fold,horizon,cosine,rmse,er_pred,er_actual
75,nav,0,0,0.0330295666921655,4.443013241783854,5.502113156250099,4.545408870439585
75,nav,1,0,0.023098305566969124,3.4038817186820847,5.984042986081262,5.032552500474465
75,nav,2,0,0.03609146842915789,4.89534818321195,5.073207737241129,4.104181457846501
75,nav,3,0,0.017011584330528073,3.1620907588023264,5.273337426479741,4.462647390687442
75,nav,4,0,0.012657835534589212,2.8707429694048394,5.178835131145821,4.5267389085736385
75,nav,5,0,0.04405612138127024,4.9157971610304525,5.571060829225776,4.829241158711842
75,nav,6,0,0.10152808371067223,8.195553496100066,5.898937196750296,4.327482091757218
75,nav,7,0,0.044620409755255275,5.394911659201503,4.973363795557505,4.146709153242097
75,nav,8,0,0.03511335672104332,4.5641476409715915,5.847700855608465,4.63495999974222
75,nav,9,0,0.09078347027123246,7.246174125746532,6.549187799953198,4.547226692983608
75,nav,0,1,0.03072433568669386,4.262084779385162,5.849001766023605,4.670928556716118
75,nav,1,1,0.03359560072667089,4.4766608524022855,5.6318400223923275,4.545408870439585
75,nav,2,1,0.02328584600364403,3.417220624694798,5.965943685727569,5.032552500474465
75,nav,3,1,0.036436000347409125,4.919445662519054,5.070420507175,4.104181457846501
75,nav,4,1,0.017308017828233768,3.192057773480542,5.2781262158835895,4.462647390687442
75,nav,5,1,0.01301356991915048,2.906399919802359,5.188369926502747,4.5267389085736385
75,nav,6,1,0.04718556045174249,5.080021388681176,6.054952016693552,4.829241158711842
75,nav,7,1,0.1038793041389412,8.281608899893488,5.90825053062806,4.327482091757218
75,nav,8,1,0.044167568432744386,5.377799680433649,4.973846688340646,4.146709153242097
75,nav,9,1,0.037801895296780685,4.718167493984176,6.076581907849389,4.63495999974222
75,nav,0,2,0.02336838574709832,3.719218854664093,5.528054725502177,4.528345036766333
75,nav,1,2,0.03108718799218113,4.2844196835300075,5.895328410271331,4.670928556716118
75,nav,2,2,0.0343511056554513,4.527088073747753,5.63032604872579,4.545408870439585
75,nav,3,2,0.02394001792553946,3.464272222718204,6.002144039657137,5.032552500474465
75,nav,4,2,0.037044265004011256,4.9597029264959644,5.0777459911322405,4.104181457846501
75,nav,5,2,0.01743636013067884,3.2048766852877875,5.27764118362342,4.462647390687442
75,nav,6,2,0.01370778245313986,2.9773642903647226,5.596125214101838,4.5267389085736385
75,nav,7,2,0.0483034763102268,5.1390642505529955,6.058390065878152,4.829241158711842
75,nav,8,2,0.10238009392408687,8.232731761694602,5.897783415244316,4.327482091757218
75,nav,9,2,0.043274062535337166,5.334882285480524,5.149398531073571,4.146709153242097
75,nav,0,3,0.06652327959115911,6.5513637257189945,5.22240116309916,4.3093610230777575
75,nav,1,3,0.023723271365622356,3.744037479843078,5.607166099872872,4.528345036766333
75,nav,2,3,0.03198010892056635,4.344905865841594,5.8902114830098355,4.670928556716118
75,nav,3,3,0.034904065816498075,4.562800558447653,5.650226794037131,4.545408870439585
75,nav,4,3,0.024237562959752545,3.4854225034140685,5.999406841401709,5.032552500474465
75,nav,5,3,0.036260212028716876,4.918998191692749,5.077282418723211,4.104181457846501
75,nav,6,3,0.017163068440384288,3.1895783794650896,5.571136223458258,4.462647390687442
75,nav,7,3,0.014609670393548657,3.0666214989501803,5.596077883879839,4.5267389085736385
75,nav,8,3,0.04756094088515572,5.103501680500581,6.05544839168002,4.829241158711842
75,nav,9,3,0.09889374218979485,8.112245680176583,6.013436745404444,4.327482091757218
75,nav,0,4,0.016901427608496444,3.1054307269684833,5.48763557301959,4.721859584796138
75,nav,1,4,0.06644698248923264,6.547940622900959,5.239365242288518,4.3093610230777575
75,nav,2,4,0.02479166176819647,3.824683906288818,5.604660049586454,4.528345036766333
75,nav,3,4,0.0327043825351645,4.392059781616765,5.90347179961849,4.670928556716118
75,nav,4,4,0.035378074569087814,4.594838626979355,5.662617585370682,4.545408870439585
75,nav,5,4,0.024855416386681983,3.5290155308929925,5.987869821329355,5.032552500474465
75,nav,6,4,0.035209183146944545,4.867997549068924,5.303937156200557,4.104181457846501
75,nav,7,4,0.01707978824222045,3.191624532965229,5.567401811805246,4.462647390687442
75,nav,8,4,0.015080586409479735,3.1142426335547517,5.601836889842475,4.5267389085736385
75,nav,9,4,0.04543415662104566,4.995824153513975,6.188341289668845,4.829241158711842
75,nav,0,5,0.037971362102887096,4.682631026819574,5.5170827248386205,4.8092273012354765
75,nav,1,5,0.017389329495025918,3.1456002253073803,5.517617297155565,4.721859584796138
75,nav,2,5,0.06807777393874548,6.622489988644102,5.248849503107124,4.3093610230777575
75,nav,3,5,0.025312221789382194,3.8639694676952767,5.619265966594865,4.528345036766333
75,nav,4,5,0.033030807489051406,4.416110818537586,5.900517822120674,4.670928556716118
75,nav,5,5,0.03558013322425868,4.608392773041083,5.6407894141739,4.545408870439585
75,nav,6,5,0.02558218327285322,3.5796035749650637,6.421089356325292,5.032552500474465
75,nav,7,5,0.03594582896919907,4.918893278683132,5.301681842343135,4.104181457846501
75,nav,8,5,0.017826523725174903,3.2574845499784724,5.582869787119912,4.462647390687442
75,nav,9,5,0.01561645814369439,3.161998082314825,5.81364153891236,4.5267389085736385
75,nav,0,6,0.0422277491111126,5.16912092246942,5.2209112289925965,4.397161664618012
75,nav,1,6,0.03844919471259722,4.709438860723857,5.555795592701248,4.8092273012354765
75,nav,2,6,0.017901471372648747,3.1934667888006665,5.52330624391066,4.721859584796138
75,nav,3,6,0.06868102190438985,6.650912235907187,5.244913708617433,4.3093610230777575
75,nav,4,6,0.025809617653325567,3.9026011365715974,5.619258191454124,4.528345036766333
75,nav,5,6,0.0326318550343514,4.394117841494271,5.901489332383367,4.670928556716118
75,nav,6,6,0.03578025708296584,4.625131844843505,5.862763172414845,4.545408870439585
75,nav,7,6,0.02599021175610683,3.607848461146704,6.419037758780958,5.032552500474465
75,nav,8,6,0.03701168634844931,4.984376573469613,5.3147004171339,4.104181457846501
75,nav,9,6,0.01886668837113048,3.3411889389376292,5.913391192262636,4.462647390687442
75,nav,0,7,0.042962706754121616,5.628926284035981,4.823760924361055,4.190335878175664
75,nav,1,7,0.04270178253287982,5.193938806333697,5.2573242300520695,4.397161664618012
75,nav,2,7,0.03802708070761163,4.69007902303191,5.5613024960969275,4.8092273012354765
75,nav,3,7,0.01821687250033166,3.2224463931152028,5.528708350843105,4.721859584796138
75,nav,4,7,0.06917240327375351,6.675554291575267,5.239918510088667,4.3093610230777575
75,nav,5,7,0.025554215497232136,3.887571205334149,5.613735355133265,4.528345036766333
75,nav,6,7,0.03123458822638303,4.314987521356025,6.171537248315784,4.670928556716118
75,nav,7,7,0.036362266843111724,4.664911849107367,5.862004342766834,4.545408870439585
75,nav,8,7,0.02618732538750068,3.6215791062709206,6.436197592178033,5.032552500474465
75,nav,9,7,0.03917641662857152,5.10402560740225,5.502346030993875,4.104181457846501
75,nav,0,8,0.021461233739111574,3.8453911807946577,4.952093720309697,4.4039336870562895
75,nav,1,8,0.0431356924576104,5.637400846648969,4.848212018476513,4.190335878175664
75,nav,2,8,0.04210312917640868,5.168936646651685,5.255426105854765,4.397161664618012
75,nav,3,8,0.03807298100846346,4.695327389094412,5.560108698833523,4.8092273012354765
75,nav,4,8,0.018731996346400992,3.268238453309621,5.543271350985496,4.721859584796138
75,nav,5,8,0.06774708588664335,6.61738264621442,5.241836522728969,4.3093610230777575
75,nav,6,8,0.025003301961150304,3.8563768698071343,5.972398561273454,4.528345036766333
75,nav,7,8,0.03072724149166184,4.291137068459136,6.164946923832869,4.670928556716118
75,nav,8,8,0.03722479459577188,4.718122136276185,5.878028209754478,4.545408870439585
75,nav,9,8,0.02642371586034531,3.6377639730349656,6.8429858026696335,5.032552500474465
75,nav,0,9,0.025184586255034058,3.746454620334033,5.513395978478532,4.727099647399969
75,nav,1,9,0.021628772684162856,3.856880397554039,4.98636221449051,4.4039336870562895
75,nav,2,9,0.04435589307680321,5.7083607900123665,4.847431928456489,4.190335878175664
75,nav,3,9,0.04223922229584032,5.180033042055318,5.261237851361488,4.397161664618012
75,nav,4,9,0.03851840997182154,4.723922158408853,5.583934743650559,4.8092273012354765
75,nav,5,9,0.019216390230116898,3.3081828961038524,5.546792454170175,4.721859584796138
75,nav,6,9,0.06498582552616583,6.504936054031121,5.6492540782575835,4.3093610230777575
75,nav,7,9,0.02531844965790908,3.88536071464925,5.968157016128445,4.528345036766333
75,nav,8,9,0.03201659119288369,4.374358823548655,6.177478496839989,4.670928556716118
75,nav,9,9,0.03825359243855497,4.777246080227082,6.498838175453424,4.545408870439585
75,nav,0,10,0.023082919941464386,4.192298494461799,4.680542472456936,4.108971004641175
75,nav,1,10,0.025472044246666825,3.7661540626629098,5.568909933540517,4.727099647399969
75,nav,2,10,0.022286755139397485,3.9132329560364627,4.9838329948949385,4.4039336870562895
75,nav,3,10,0.04512217494398929,5.752016811478143,4.856415409021096,4.190335878175664
75,nav,4,10,0.04262357299164754,5.205520664604458,5.288824536178556,4.397161664618012
75,nav,5,10,0.040293292150416216,4.8233869561123806,5.591377483662916,4.8092273012354765
75,nav,6,10,0.020291073765831724,3.396065182472155,5.774348901084284,4.721859584796138
75,nav,7,10,0.06429834699649462,6.481969185653893,5.639393114229929,4.3093610230777575
75,nav,8,10,0.02645122483648321,3.9659715658427657,5.983191852275914,4.528345036766333
75,nav,9,10,0.03415092384381824,4.502588102773796,6.394739675523841,4.670928556716118
75,nav,0,11,0.04525520378747627,5.631097189318931,4.66499544051612,4.047962009604492
75,nav,1,11,0.023059334148614052,4.190369896611081,4.7109892948109495,4.108971004641175
75,nav,2,11,0.026647252266937427,3.8503954272240217,5.568412835606484,4.727099647399969
75,nav,3,11,0.022931856213821877,3.9636349341548787,4.994622633630601,4.4039336870562895
75,nav,4,11,0.04552177982139005,5.779219476432244,4.860742888101502,4.190335878175664
75,nav,5,11,0.044418218538676,5.300675475241543,5.3004536786774565,4.397161664618012
75,nav,6,11,0.043330187169261625,4.990121669774715,5.848243570276655,4.8092273012354765
75,nav,7,11,0.021466288510710307,3.490356885826042,5.775636311659248,4.721859584796138
75,nav,8,11,0.06640254850517813,6.576128409072295,5.652784281183616,4.3093610230777575
75,nav,9,11,0.028245652725981563,4.084257423550935,6.238777230321346,4.528345036766333
75,nav,0,12,0.015431167141587987,3.2271125724950407,4.749387088827851,4.111118552934551
75,nav,1,12,0.04528569866123511,5.632370634412732,4.684866262220675,4.047962009604492
75,nav,2,12,0.023958245591964022,4.261527236852077,4.718949382213053,4.108971004641175
75,nav,3,12,0.027209627605997544,3.890492745931622,5.580355898133571,4.727099647399969
75,nav,4,12,0.023216253545087162,3.991111014336041,5.003654408821811,4.4039336870562895
75,nav,5,12,0.04463798777061179,5.738778637211369,4.86395924859765,4.190335878175664
75,nav,6,12,0.047484853584987885,5.461277936838375,5.722171250083024,4.397161664618012
75,nav,7,12,0.044857184441482234,5.074423578394454,5.853014002847948,4.8092273012354765
75,nav,8,12,0.021604308104545278,3.5052061485186576,5.782872395024136,4.721859584796138
75,nav,9,12,0.07020216392992984,6.736493575570368,5.752103180209152,4.3093610230777575
75,nav,0,13,0.03149295675088715,4.640681223939242,4.458930675150767,3.942581851835944
75,nav,1,13,0.01577376567945965,3.254982973248654,4.800023571534994,4.111118552934551
75,nav,2,13,0.046226015612251814,5.687743771061326,4.680190560707973,4.047962009604492
75,nav,3,13,0.024417150201764604,4.298276085242144,4.716221959630045,4.108971004641175
75,nav,4,13,0.02773791899007838,3.928817842663587,5.587466911373652,4.727099647399969
75,nav,5,13,0.022791366412548753,3.9657017189214807,5.004189968197676,4.4039336870562895
75,nav,6,13,0.04248154940774318,5.640127347975169,5.147771053745473,4.190335878175664
75,nav,7,13,0.04893112742877126,5.539478419905025,5.726339942734476,4.397161664618012
75,nav,8,13,0.04419681668008235,5.04347126677106,5.850870027544663,4.8092273012354765
75,nav,9,13,0.021697233583541697,3.5140436643947175,6.008823452267449,4.721859584796138
75,nav,0,14,0.012038912466842522,2.769542681864041,4.558556167893991,4.15779297336246
75,nav,1,14,0.03161495430769523,4.647642745562422,4.504997109704709,3.942581851835944
75,nav,2,14,0.016550397707575493,3.328515760547015,4.800085996572052,4.111118552934551
75,nav,3,14,0.047002823416125605,5.731017592692779,4.688286826502263,4.047962009604492
75,nav,4,14,0.024746924900970302,4.3288975042364335,4.71671135404602,4.108971004641175
75,nav,5,14,0.0272258895985531,3.89653217142666,5.586875504532575,4.727099647399969
75,nav,6,14,0.021503035587291497,3.8868693923380784,5.098648542211272,4.4039336870562895
75,nav,7,14,0.0419431219493942,5.624538520420519,5.1407598970478565,4.190335878175664
75,nav,8,14,0.04821424327487944,5.5092000288996426,5.723932127909522,4.397161664618012
75,nav,9,14,0.04229462228459091,4.945186694044856,6.049671489665468,4.8092273012354765
75,nav,0,15,0.023407791992811178,3.634453955624635,5.00094874701193,4.355436756058691
75,nav,1,15,0.012354776731571926,2.798953944080173,4.640648137286609,4.15779297336246
75,nav,2,15,0.032615344310490624,4.715674075148185,4.498303433764905,3.942581851835944
75,nav,3,15,0.01695154674788324,3.366589424013833,4.813819322594853,4.111118552934551
75,nav,4,15,0.04727347950405514,5.7509382539071,4.6944963458254465,4.047962009604492
75,nav,5,15,0.024109282231537077,4.291996571282558,4.715980003896393,4.108971004641175
75,nav,6,15,0.02621983517884552,3.8337188391614023,6.134776003515499,4.727099647399969
75,nav,7,15,0.021100228289368195,3.8714527952680533,5.093567310491853,4.4039336870562895
75,nav,8,15,0.04351634470660648,5.71108541335528,5.154341345502761,4.190335878175664
75,nav,9,15,0.04610794010796171,5.40697320539286,5.855650358671119,4.397161664618012
75,nav,0,16,0.04096200795933247,5.413751010159223,4.18064281348781,3.7844049020041597
75,nav,1,16,0.023988747574890223,3.675578885363938,5.10378273900772,4.355436756058691
75,nav,2,16,0.012854918510444291,2.8551591610410343,4.629144689487486,4.15779297336246
75,nav,3,16,0.03329944318687483,4.760704002610623,4.5158957673948485,3.942581851835944
75,nav,4,16,0.017472145146997797,3.415682923526198,4.825948801505108,4.111118552934551
75,nav,5,16,0.04617466252721314,5.6998158947958935,4.696917795693897,4.047962009604492
75,nav,6,16,0.022710217872123017,4.212376681810189,4.822277204563765,4.108971004641175
75,nav,7,16,0.02650423494646148,3.8583319656761432,6.130429090600678,4.727099647399969
75,nav,8,16,0.022204597848174967,3.9561203385426724,5.104454474010361,4.4039336870562895
75,nav,9,16,0.04626312893167239,5.84866685316265,5.259161996192336,4.190335878175664
75,nav,0,17,0.023780871639611623,3.711443265242123,4.94368516086366,4.242637174306542
75,nav,1,17,0.041166942546570606,5.424153829712386,4.2255997408207095,3.7844049020041597
75,nav,2,17,0.024586559824022136,3.722471617888799,5.096117319249574,4.355436756058691
75,nav,3,17,0.013379395054507914,2.9084738022124297,4.655477494485504,4.15779297336246
75,nav,4,17,0.03354218188605351,4.781857923065815,4.5143047230371725,3.942581851835944
75,nav,5,17,0.017626492107964076,3.4311031951549444,4.825457136337578,4.111118552934551
75,nav,6,17,0.04375123216451593,5.587271441226304,4.977943853323489,4.047962009604492
75,nav,7,17,0.022407545304057308,4.206987171508168,4.817180733862427,4.108971004641175
75,nav,8,17,0.02769815341008064,3.940877790881191,6.143914879636248,4.727099647399969
75,nav,9,17,0.023895495688457058,4.072878622503578,5.2747884161389536,4.4039336870562895
75,nav,0,18,0.019259690657783213,3.2939894757978,5.25650131319731,4.4507789312477515
75,nav,1,18,0.024414525637234563,3.7556781328771107,5.072954685426894,4.242637174306542
75,nav,2,18,0.0425158760580191,5.503026401501021,4.223290402319846,3.7844049020041597
75,nav,3,18,0.025011120866525904,3.7548235329497683,5.125270443628972,4.355436756058691
75,nav,4,18,0.013571307613787553,2.9333754901879887,4.654125443668821,4.15779297336246
75,nav,5,18,0.032555622791600514,4.727996469677611,4.510962232959078,3.942581851835944
75,nav,6,18,0.017868184943315324,3.459148481714702,5.055200073842447,4.111118552934551
75,nav,7,18,0.042780581141563134,5.548858110688372,4.968813773025883,4.047962009604492
75,nav,8,18,0.02366951929712835,4.298712651605515,4.826584657094557,4.108971004641175
75,nav,9,18,0.029728699381004975,4.07246273644969,6.449114464949003,4.727099647399969
75,nav,0,19,0.017068086034546237,3.1549484940328267,5.009581886036259,4.381013936998307
75,nav,1,19,0.0198566548883663,3.3403352116526683,5.374931094661054,4.4507789312477515
75,nav,2,19,0.02445248254444432,3.7641355238997374,5.063183031414982,4.242637174306542
75,nav,3,19,0.04322697977391343,5.544628734317424,4.239574735582376,3.7844049020041597
75,nav,4,19,0.025513104929608676,3.793218711273633,5.1381879735734,4.355436756058691
75,nav,5,19,0.013344833415923962,2.9164708929004934,4.64169919939938,4.15779297336246
75,nav,6,19,0.030407290503370765,4.610640541003724,4.569517209352975,3.942581851835944
75,nav,7,19,0.01874024565310728,3.5368721457590446,5.05564504209589,4.111118552934551
75,nav,8,19,0.04454029922800462,5.644162999393163,4.9805975185625995,4.047962009604492
75,nav,9,19,0.0257337471360366,4.432831306307269,5.0153188946680896,4.108971004641175
75,nav,0,20,0.01625943101646543,3.111775127550904,5.068254488842993,4.308202576426226
75,nav,1,20,0.017511312832311554,3.191047263339149,5.095551755633543,4.381013936998307
75,nav,2,20,0.020250100262633852,3.375989366874089,5.365022211060452,4.4507789312477515
75,nav,3,20,0.024819470209530237,3.79295726613088,5.0898931835343575,4.242637174306542
75,nav,4,20,0.043580179245402584,5.569682076483566,4.241137114658547,3.7844049020041597
75,nav,5,20,0.02594118739287965,3.8239337253412837,5.127867680241472,4.355436756058691
75,nav,6,20,0.012643763082219595,2.862558920281726,4.709182510890756,4.15779297336246
75,nav,7,20,0.02975367331772405,4.583114946368015,4.562857505945092,3.942581851835944
75,nav,8,20,0.019200610867738277,3.579237494646576,5.0663162026288076,4.111118552934551
75,nav,9,20,0.04746042229352687,5.789930882423394,5.101688886001384,4.047962009604492
75,nav,0,21,0.0201447842243504,3.8072051574759027,4.450640799760886,3.9048399941889467
75,nav,1,21,0.01666688742065514,3.1455101150735163,5.142172015882506,4.308202576426226
75,nav,2,21,0.01744840101348244,3.19283247372093,5.087148740724079,4.381013936998307
75,nav,3,21,0.020728061388227026,3.415477219009042,5.390772427422494,4.4507789312477515
75,nav,4,21,0.02521889390820009,3.8250043071884905,5.090764487467579,4.242637174306542
75,nav,5,21,0.04242116153117981,5.513921774321189,4.232807820564905,3.7844049020041597
75,nav,6,21,0.026803753863264834,3.886219649999737,5.3893431731511905,4.355436756058691
75,nav,7,21,0.01252496383275481,2.863795565427544,4.706604327981581,4.15779297336246
75,nav,8,21,0.031141573270519696,4.672979209656036,4.578962987937885,3.942581851835944
75,nav,9,21,0.019849322313088558,3.630213309811236,5.3470408232599285,4.111118552934551
75,nav,0,22,0.02242488008001975,3.6788177448740242,4.872930954708082,4.212451010948466
75,nav,1,22,0.020344455933953953,3.8211451142037314,4.471628972993389,3.9048399941889467
75,nav,2,22,0.016698284360400217,3.1557323710732352,5.136272281500096,4.308202576426226
75,nav,3,22,0.017725007584430075,3.2193269783999,5.108406413274816,4.381013936998307
75,nav,4,22,0.021114996764529992,3.4488471753470598,5.39957833313284,4.4507789312477515
75,nav,5,22,0.02628121502541869,3.898591071871864,5.093767696980942,4.242637174306542
75,nav,6,22,0.04008951119659576,5.402585532943588,4.309931959792319,3.7844049020041597
75,nav,7,22,0.027962419951519824,3.9678660132969705,5.39124039396846,4.355436756058691
75,nav,8,22,0.013229023143801921,2.935274301147694,4.722380379193924,4.15779297336246
75,nav,9,22,0.03362607064754963,4.81904182611908,4.91463121094965,3.942581851835944
75,nav,0,23,0.023838745609352396,3.7876744550948116,5.259439537756332,4.313821933938209
75,nav,1,23,0.02298836831487283,3.7188180963432007,4.917649108320157,4.212451010948466
75,nav,2,23,0.021322981087275927,3.9016068083199253,4.481681821774764,3.9048399941889467
75,nav,3,23,0.017040583350038885,3.1883357153175917,5.152701334274203,4.308202576426226
75,nav,4,23,0.01800299411406281,3.247199607816814,5.119039681892091,4.381013936998307
75,nav,5,23,0.021574372962649302,3.4847463021177676,5.394869249209344,4.4507789312477515
75,nav,6,23,0.028015374785475555,4.01769144935067,5.3311349015913585,4.242637174306542
75,nav,7,23,0.039699337299909265,5.393474569757358,4.304509818247327,3.7844049020041597
75,nav,8,23,0.02817519889972342,3.9856009731479607,5.407560258882142,4.355436756058691
75,nav,9,23,0.014344340580488169,3.035627454182135,5.0440009790349345,4.15779297336246
75,nav,0,24,0.03241543154097892,4.604204600145393,4.788676593259975,4.035043608733934
75,nav,1,24,0.024213087180185777,3.8134970776345574,5.356466198404348,4.313821933938209
75,nav,2,24,0.023475355974277412,3.7602900230033804,4.902831948299296,4.212451010948466
75,nav,3,24,0.021595426815124608,3.9271588753386713,4.482373910521628,3.9048399941889467
75,nav,4,24,0.01734996770337005,3.219559182815718,5.162262613802004,4.308202576426226
75,nav,5,24,0.0188989818466071,3.320103374859446,5.120820082560582,4.381013936998307
75,nav,6,24,0.022349080618342065,3.5462921504761735,5.595486768702514,4.4507789312477515
75,nav,7,24,0.029047144515393364,4.0900436212231535,5.333901458720894,4.242637174306542
75,nav,8,24,0.041136687647340464,5.475301860269744,4.323082689272598,3.7844049020041597
75,nav,9,24,0.028323856512313506,3.996898377768732,5.871423033443325,4.355436756058691
75,ar2,0,0,0.023571838299902503,3.878185125445509,4.984461985653686,4.545408870439585
75,ar2,1,0,0.01896254957137966,3.0897582485163455,5.480802950888342,5.032552500474465
75,ar2,2,0,0.034187701149928085,4.761330769757039,4.888065691052462,4.104181457846501
75,ar2,3,0,0.011806507610775951,2.5876447577557693,5.059378218762969,4.462647390687442
75,ar2,4,0,0.010879759973509207,2.5647800984099183,4.9142230599270444,4.5267389085736385
75,ar2,5,0,0.04746382586795572,5.089477742080879,5.384392805524566,4.829241158711842
75,ar2,6,0,0.10051772600333853,8.20401951937629,5.8284383247396825,4.327482091757218
75,ar2,7,0,0.0436041591175651,5.460119880199324,4.547163607700415,4.146709153242097
75,ar2,8,0,0.027235642059790344,4.170220992412005,5.75451990562431,4.63495999974222
75,ar2,9,0,0.08664741739643977,7.080022772745732,5.659049122106914,4.547226692983608
75,ar2,0,1,0.022681005166538037,3.698770473319737,5.578526311366507,4.670928556716118
75,ar2,1,1,0.027319677534024756,4.147637603945223,5.137615464316807,4.545408870439585
75,ar2,2,1,0.014778670048759546,2.7316711507287517,5.618294825811248,5.032552500474465
75,ar2,3,1,0.031673941893555435,4.643267941231546,4.827792585215264,4.104181457846501
75,ar2,4,1,0.011987768827768752,2.6340766280467403,5.0641511249195705,4.462647390687442
75,ar2,5,1,0.01431359673181054,2.913919895168692,5.022219659529892,4.5267389085736385
75,ar2,6,1,0.05763742052676324,5.5890402904043555,6.208581413151593,4.829241158711842
75,ar2,7,1,0.10636390911459948,8.405028062986213,5.055609703069129,4.327482091757218
75,ar2,8,1,0.05853129267561863,6.122465855083232,4.8886455884327855,4.146709153242097
75,ar2,9,1,0.03376018559600269,4.543889163352209,5.405387945588676,4.63495999974222
75,ar2,0,2,0.016953720259408334,3.2034306988399384,5.228658347612034,4.528345036766333
75,ar2,1,2,0.02415326793166639,3.8318352203800408,5.169300901482154,4.670928556716118
75,ar2,2,2,0.02759455820512524,4.1003084970845425,5.2323438159757965,4.545408870439585
75,ar2,3,2,0.02015565521592111,3.181797442318917,5.674486507735318,5.032552500474465
75,ar2,4,2,0.036659946962431245,4.897706981681871,4.971250586309104,4.104181457846501
75,ar2,5,2,0.015918601693602152,3.028310422521172,5.134808809461756,4.462647390687442
75,ar2,6,2,0.018926103590232946,3.3734285429290436,5.78641924364081,4.5267389085736385
75,ar2,7,2,0.05153035855396626,5.298135421943769,5.3768904111463405,4.829241158711842
75,ar2,8,2,0.19222364510055467,11.005451780198793,5.816143978431325,4.327482091757218
75,ar2,9,2,0.055371290579666166,5.888840985986097,5.014230193375184,4.146709153242097
75,ar2,0,3,0.05987805920042233,6.246678573821589,4.9893726550973945,4.3093610230777575
75,ar2,1,3,0.017297494746198017,3.2415424455410067,4.856054658213958,4.528345036766333
75,ar2,2,3,0.02546390383441366,3.914189162560871,5.689253622535445,4.670928556716118
75,ar2,3,3,0.03137184095572576,4.340467690779992,5.376099226291547,4.545408870439585
75,ar2,4,3,0.021375167694848374,3.2765359798854714,5.795926950330091,5.032552500474465
75,ar2,5,3,0.03726224853600624,4.931307766577058,4.965848668646845,4.104181457846501
75,ar2,6,3,0.024040759921807542,3.683885754105859,5.897115141167125,4.462647390687442
75,ar2,7,3,0.014385406942961976,3.0356414481142813,5.119860768719247,4.5267389085736385
75,ar2,8,3,0.21295195373315468,11.362426255678663,6.291505297269421,4.829241158711842
75,ar2,9,3,0.1528477391437072,9.833817990220943,5.808056042838402,4.327482091757218
75,ar2,0,4,0.01609077176261353,3.024147151133512,5.500597616590504,4.721859584796138
75,ar2,1,4,0.06117868717784203,6.304545312487439,5.0454532039814834,4.3093610230777575
75,ar2,2,4,0.019686539904260947,3.443952639388867,5.302630921616426,4.528345036766333
75,ar2,3,4,0.02732696950837754,4.041382017268872,5.736269882232819,4.670928556716118
75,ar2,4,4,0.03684484357473228,4.650404836573805,5.4717837377745235,4.545408870439585
75,ar2,5,4,0.024795254634812247,3.530920653536413,5.829048337547799,5.032552500474465
75,ar2,6,4,0.03997420621467185,5.100319323435271,5.281757385100511,4.104181457846501
75,ar2,7,4,0.014737256883133876,2.9890157928235332,5.468371882804469,4.462647390687442
75,ar2,8,4,0.17511623476591165,10.341072195347316,5.86168576936504,4.5267389085736385
75,ar2,9,4,0.15857358719976866,9.492284017358365,6.235243200188269,4.829241158711842
75,ar2,0,5,0.03912661885194946,4.738939938199179,5.351915065456868,4.8092273012354765
75,ar2,1,5,0.018405700092284594,3.2139922729779067,5.2829430964957576,4.721859584796138
75,ar2,2,5,0.061287111562006835,6.320176401122887,5.037018644778691,4.3093610230777575
75,ar2,3,5,0.02086484565428426,3.533891140000625,5.363210901582533,4.528345036766333
75,ar2,4,5,0.03149747016684201,4.289017010767161,5.665002461227802,4.670928556716118
75,ar2,5,5,0.04130718907275366,4.890926088134624,5.656069497945815,4.545408870439585
75,ar2,6,5,0.03342877550493173,4.088294597297909,6.435986813355614,5.032552500474465
75,ar2,7,5,0.0342991490025758,4.8170268895307,5.2288841389092635,4.104181457846501
75,ar2,8,5,0.01903840904644849,3.3384612663430615,5.5269623959137215,4.462647390687442
75,ar2,9,5,0.16684723260904433,10.05039016656507,5.846088729231885,4.5267389085736385
75,ar2,0,6,0.04379770144069839,5.238492860916754,5.054160326116789,4.397161664618012
75,ar2,1,6,0.042825765635767565,4.938937889905331,5.3311774144013295,4.8092273012354765
75,ar2,2,6,0.017518198108860683,3.153115041617427,5.441457489664511,4.721859584796138
75,ar2,3,6,0.06111001868057231,6.312119461148683,5.016816658295079,4.3093610230777575
75,ar2,4,6,0.024684931047331715,3.784058785716529,5.460412767665762,4.528345036766333
75,ar2,5,6,0.036277748544380706,4.5648383147506415,5.746209396500296,4.670928556716118
75,ar2,6,6,0.035907207858668744,4.622802615649893,5.869423892117262,4.545408870439585
75,ar2,7,6,0.027627487556068586,3.7180607222709554,6.323812071450609,5.032552500474465
75,ar2,8,6,0.3880580670683549,20.295437707125025,5.976425639229439,4.104181457846501
75,ar2,9,6,0.10507035640173712,7.668663689818413,5.517430464919062,4.462647390687442
75,ar2,0,7,0.03799280923965709,5.348994123289674,4.717488884926127,4.190335878175664
75,ar2,1,7,0.04812670896929727,5.452533908831558,5.08684110272413,4.397161664618012
75,ar2,2,7,0.03970542675233335,4.777359700406025,5.398883333388298,4.8092273012354765
75,ar2,3,7,0.018634518233182518,3.2431141859637256,5.473538646320184,4.721859584796138
75,ar2,4,7,0.06470858196357965,6.445003883662009,5.051335317842388,4.3093610230777575
75,ar2,5,7,0.029802536218931475,4.110766990438684,5.4872606214903445,4.528345036766333
75,ar2,6,7,0.027079120408487478,4.041770671488467,5.752723539363028,4.670928556716118
75,ar2,7,7,0.03432349043385707,4.540115406905628,5.667638460563921,4.545408870439585
75,ar2,8,7,0.6659069652404626,52.75082917871925,7.146251413679925,5.032552500474465
75,ar2,9,7,0.056034446613507094,5.851501179605207,5.483288695317222,4.104181457846501
75,ar2,0,8,0.019001305173475203,3.6445239685944646,4.906563653428281,4.4039336870562895
75,ar2,1,8,0.04212260349761687,5.544771723413412,4.645775785525261,4.190335878175664
75,ar2,2,8,0.043958856560527226,5.256290030915252,5.106992888145144,4.397161664618012
75,ar2,3,8,0.040193943183091774,4.804126726295336,5.4252552966638445,4.8092273012354765
75,ar2,4,8,0.028184743985721905,3.9148917908376006,5.561918590459094,4.721859584796138
75,ar2,5,8,0.06968992348313274,6.638603104029582,5.057310101574054,4.3093610230777575
75,ar2,6,8,0.021667498304762556,3.597952714173802,5.465678047618903,4.528345036766333
75,ar2,7,8,0.028060348461864115,4.115920017036068,6.007821052347737,4.670928556716118
75,ar2,8,8,0.802362692292608,86.18916135823576,6.978017760200714,4.545408870439585
75,ar2,9,8,0.3953110965879436,22.00576460024011,6.714686310631058,5.032552500474465
75,ar2,0,9,0.02094179486509573,3.4297804812674633,5.325514010916649,4.727099647399969
75,ar2,1,9,0.02465540961587287,4.018312546547925,4.992472298535991,4.4039336870562895
75,ar2,2,9,0.03905971710316891,5.421292488451337,4.73963721242419,4.190335878175664
75,ar2,3,9,0.04444741341603875,5.281197594585213,5.114479622753823,4.397161664618012
75,ar2,4,9,0.0487124740238436,5.236856334752489,5.537495050810742,4.8092273012354765
75,ar2,5,9,0.04056209313773085,4.67078069819059,5.637874102382658,4.721859584796138
75,ar2,6,9,0.05897621443256096,6.205614365260153,5.038114193082207,4.3093610230777575
75,ar2,7,9,0.024348763496466752,3.811506734164386,5.857456849296527,4.528345036766333
75,ar2,8,9,0.7898094858776619,87.0291583660349,7.076083136417011,4.670928556716118
75,ar2,9,9,0.676363645840425,48.19545084564732,6.612400772792743,4.545408870439585
75,ar2,0,10,0.020870744528360352,4.016658646452452,4.646864148072383,4.108971004641175
75,ar2,1,10,0.030480432271970725,4.079449052358987,5.582927318510971,4.727099647399969
75,ar2,2,10,0.0190708860148755,3.666134641582219,4.926498860642983,4.4039336870562895
75,ar2,3,10,0.04013890252366581,5.476989622872707,4.7326683826440155,4.190335878175664
75,ar2,4,10,0.05390637327561831,5.7142328473616715,5.242317836111809,4.397161664618012
75,ar2,5,10,0.06395324291539473,5.972887747972908,5.6286379585335355,4.8092273012354765
75,ar2,6,10,0.028196054100546153,3.922911789122667,5.563058708817495,4.721859584796138
75,ar2,7,10,0.05926229189097654,6.255250427618928,5.586226221003388,4.3093610230777575
75,ar2,8,10,0.12937797483101965,8.949836845153216,5.85072927760883,4.528345036766333
75,ar2,9,10,0.7475269496169014,68.97052155151067,6.900445172320218,4.670928556716118
75,ar2,0,11,0.04073893200168366,5.380853214755694,4.579436863108334,4.047962009604492
75,ar2,1,11,0.030493643378666002,4.588788492305842,4.8282878156230735,4.108971004641175
75,ar2,2,11,0.022857689548623217,3.5789574095286647,5.39542302558345,4.727099647399969
75,ar2,3,11,0.020396148737107267,3.762033739684024,4.970784144802714,4.4039336870562895
75,ar2,4,11,0.054698083050552904,6.115590679300387,4.807564439779007,4.190335878175664
75,ar2,5,11,0.07255611380479676,6.54983224245245,5.3434704022164645,4.397161664618012
75,ar2,6,11,0.04980051840874711,5.302649464749161,5.533657868043294,4.8092273012354765
75,ar2,7,11,0.022996099219900645,3.595430215908077,5.6977257132037575,4.721859584796138
75,ar2,8,11,0.9902121028133413,194.23949788203046,NA,4.3093610230777575
75,ar2,9,11,0.7108041697109826,63.89692120965267,6.469860525045656,4.528345036766333
75,ar2,0,12,0.01512139570894544,3.179103342649138,4.691008807897225,4.111118552934551
75,ar2,1,12,0.053014913929890106,5.94996068535133,4.762022122392993,4.047962009604492
75,ar2,2,12,0.020991492996104366,4.043607635478821,4.661197080195357,4.108971004641175
75,ar2,3,12,0.023328741287971688,3.6124790704394476,5.427993646239341,4.727099647399969
75,ar2,4,12,0.04137282520546737,4.993177918079089,5.112434274893237,4.4039336870562895
75,ar2,5,12,0.07808343472296142,7.098098462449746,4.880559271073019,4.190335878175664
75,ar2,6,12,0.05111627879120073,5.620667095451308,5.203004078271345,4.397161664618012
75,ar2,7,12,0.0492924785622223,5.295458317945222,5.798858927970917,4.8092273012354765
75,ar2,8,12,0.9990364494787422,514.613717436311,NA,4.721859584796138
75,ar2,9,12,0.11755445911295292,8.528044309931724,5.87772801905245,4.3093610230777575
75,ar2,0,13,0.028692028044491114,4.451057380022105,4.451536121861447,3.942581851835944
75,ar2,1,13,0.031167251173658927,4.282199417028269,4.994879702844504,4.111118552934551
75,ar2,2,13,0.04107479103017064,5.411807094872091,4.589980895674254,4.047962009604492
75,ar2,3,13,0.021893476469658557,4.103868797524362,4.702021356122024,4.108971004641175
75,ar2,4,13,0.0402809494176769,4.6660022497438085,5.51026907897673,4.727099647399969
75,ar2,5,13,0.07451352514080511,6.602829449381545,5.2152147573451195,4.4039336870562895
75,ar2,6,13,0.03765750991818706,5.376309032783304,4.822465781882432,4.190335878175664
75,ar2,7,13,0.05340248419663918,5.748556151114745,5.293166463151542,4.397161664618012
75,ar2,8,13,1.0309319500158853,832.8900542924355,NA,4.8092273012354765
75,ar2,9,13,0.9090505147934698,127.1768195287737,NA,4.721859584796138
75,ar2,0,14,0.01109392256581776,2.6573715203186326,4.548707407005496,4.15779297336246
75,ar2,1,14,0.044572827575631635,5.2893515156956115,4.416004611586076,3.942581851835944
75,ar2,2,14,0.015960765002857813,3.2641546954733465,4.713369396993605,4.111118552934551
75,ar2,3,14,0.041934494494326735,5.455564853790535,4.612823216621447,4.047962009604492
75,ar2,4,14,0.05107532958351313,5.661941722017231,4.884469405648902,4.108971004641175
75,ar2,5,14,0.07511777646491802,6.478541041526826,5.5888382495690765,4.727099647399969
75,ar2,6,14,0.022599116332211455,3.930367067955884,5.091975992303712,4.4039336870562895
75,ar2,7,14,0.03656820392790816,5.3350749593327915,4.774868349531258,4.190335878175664
75,ar2,8,14,1.0365340787589978,848.7670502541647,NA,4.397161664618012
75,ar2,9,14,1.003411922340205,328.93273798851294,NA,4.8092273012354765
75,ar2,0,15,0.02357760589855673,3.6366680750471274,4.925868920252793,4.355436756058691
75,ar2,1,15,0.033359686466722716,4.301131478304332,4.695481184801528,4.15779297336246
75,ar2,2,15,0.028851900557939292,4.475132303562799,4.4501652733684045,3.942581851835944
75,ar2,3,15,0.016761432607780846,3.3278790425822753,4.757779551740335,4.111118552934551
75,ar2,4,15,0.0708273177543326,6.711982279426261,4.729958263474349,4.047962009604492
75,ar2,5,15,0.10158406881313509,7.889381673713312,4.996960847045144,4.108971004641175
75,ar2,6,15,0.04456318382107016,4.9021804783283045,6.130427463817494,4.727099647399969
75,ar2,7,15,0.017943868574461397,3.6316877075429845,4.966483722668583,4.4039336870562895
75,ar2,8,15,0.888128535984928,103.08782435217947,NA,4.190335878175664
75,ar2,9,15,1.0260641417350158,532.4317154181273,NA,4.397161664618012
75,ar2,0,16,0.03768550225342182,5.219834018124788,4.168529538411057,3.7844049020041597
75,ar2,1,16,0.053364691353459226,5.375118299153058,5.3580395514137615,4.355436756058691
75,ar2,2,16,0.011192903764335349,2.6820271048349222,4.560874797227161,4.15779297336246
75,ar2,3,16,0.03022570747786646,4.557951020175987,4.507504722703558,3.942581851835944
75,ar2,4,16,0.05369463615702408,5.52609545942346,4.98523989988509,4.111118552934551
75,ar2,5,16,0.12757537422149023,8.989855161028343,4.838176459036742,4.047962009604492
75,ar2,6,16,0.0426485539867868,5.268445353692016,4.824093516017101,4.108971004641175
75,ar2,7,16,0.02266688660122973,3.5871415437000005,5.450061710424514,4.727099647399969
75,ar2,8,16,0.9781640019946688,1834.0861541824456,8.191703096867249,4.4039336870562895
75,ar2,9,16,1.0069581228903917,590.0419310024218,NA,4.190335878175664
75,ar2,0,17,0.024559184880095675,3.75464805909101,4.844083522955245,4.242637174306542
75,ar2,1,17,0.07193544295216048,6.7612291267277955,4.449072984998035,3.7844049020041597
75,ar2,2,17,0.024744595443141004,3.725911908212698,4.973810016015747,4.355436756058691
75,ar2,3,17,0.012649663574723413,2.8197032714382093,4.654058261744419,4.15779297336246
75,ar2,4,17,0.07782399781695781,6.8300944587079595,4.7352008207848355,3.942581851835944
75,ar2,5,17,0.12701075101257708,8.819555385086788,5.149545303229739,4.111118552934551
75,ar2,6,17,0.06661144836060873,6.567238466143067,4.965349404498855,4.047962009604492
75,ar2,7,17,0.01899688445768377,3.961836158402696,4.674488276825653,4.108971004641175
75,ar2,8,17,0.9401417509888461,4921.725174930628,8.892863239625427,4.727099647399969
75,ar2,9,17,0.9599277483557066,283.65411461488367,NA,4.4039336870562895
75,ar2,0,18,0.019060095394791476,3.2673778950350485,5.178811568249849,4.4507789312477515
75,ar2,1,18,0.06858455342261349,6.1476320888133715,5.337042399304278,4.242637174306542
75,ar2,2,18,0.038341250337992294,5.269408328884517,4.168527688605518,3.7844049020041597
75,ar2,3,18,0.025785165340402094,3.797281948644235,5.068203585453209,4.355436756058691
75,ar2,4,18,0.06879925046499258,6.191605983857675,4.942058488660985,4.15779297336246
75,ar2,5,18,0.16818178280649732,10.435400005252742,4.892880012338667,3.942581851835944
75,ar2,6,18,0.03578485255442909,4.5865437798482,5.053293725417071,4.111118552934551
75,ar2,7,18,0.037169727354555926,5.24699976126289,4.630691077695215,4.047962009604492
75,ar2,8,18,0.9848552007471282,7999.218787292829,8.519065783466075,4.108971004641175
75,ar2,9,18,0.9180210933557744,600.5713601863508,7.8106145706541765,4.727099647399969
75,ar2,0,19,0.01924021211860738,3.316752380151213,4.999486753506976,4.381013936998307
75,ar2,1,19,0.06994635856819542,6.187788169082614,5.568596358713892,4.4507789312477515
75,ar2,2,19,0.02525617382578116,3.8107773059851096,4.9061662276468,4.242637174306542
75,ar2,3,19,0.03976290308371189,5.3439603011785355,4.219264030223311,3.7844049020041597
75,ar2,4,19,0.08355733513214114,6.825084915683145,5.367907476212626,4.355436756058691
75,ar2,5,19,0.1786444641017636,10.82356608708177,5.138201915899934,4.15779297336246
75,ar2,6,19,0.029323289034690947,4.517820230917011,4.567177570656249,3.942581851835944
75,ar2,7,19,0.018641109676926337,3.5189343152365216,4.775999413641132,4.111118552934551
75,ar2,8,19,0.9656135428359136,8200.487226285362,8.280570878487795,4.047962009604492
75,ar2,9,19,0.979558969568247,2113.4118933078253,7.797097516649969,4.108971004641175
75,ar2,0,20,0.01809716899730318,3.248235509917847,5.078518131990847,4.308202576426226
75,ar2,1,20,0.07751084812999176,6.571407801577317,5.287830475585079,4.381013936998307
75,ar2,2,20,0.019863172824647224,3.337880688383743,5.233097414285963,4.4507789312477515
75,ar2,3,20,0.026367651123271774,3.8857619623897683,5.033636251208493,4.242637174306542
75,ar2,4,20,0.1125432560218036,8.38526439832274,4.506431858960673,3.7844049020041597
75,ar2,5,20,0.2057974150758476,11.906557721963267,5.597252832637798,4.355436756058691
75,ar2,6,20,0.012280109654492888,2.806490044447484,4.6728536540688825,4.15779297336246
75,ar2,7,20,0.02529977593372157,4.298387924007494,4.470135003498006,3.942581851835944
75,ar2,8,20,0.9587622173503308,1111.3002753996352,8.340133859026361,4.111118552934551
75,ar2,9,20,0.9636143115711105,3897.408951547099,7.92218958991299,4.047962009604492
75,ar2,0,21,0.020318019713174706,3.796531650205698,4.395239646897357,3.9048399941889467
75,ar2,1,21,0.09409110567276358,7.308196345897078,5.553480397565904,4.308202576426226
75,ar2,2,21,0.018886377999718484,3.2976412995424753,5.019333521478267,4.381013936998307
75,ar2,3,21,0.02120250059165596,3.439481060910684,5.354052540175073,4.4507789312477515
75,ar2,4,21,0.10352528716485221,7.724130623341665,5.408587739351809,4.242637174306542
75,ar2,5,21,0.2570504057418791,13.913486976475047,4.69921186460128,3.7844049020041597
75,ar2,6,21,0.03875452822461156,4.590221160780008,5.200839282116075,4.355436756058691
75,ar2,7,21,0.010617119617551185,2.674066007690374,4.664939062611326,4.15779297336246
75,ar2,8,21,1.0058117162923583,17434.269420941622,NA,3.942581851835944
75,ar2,9,21,0.9693419713031982,4969.161380514847,9.127178421698309,4.111118552934551
75,ar2,0,22,0.020318940469234215,3.5088912447938556,4.809726633471649,4.212451010948466
75,ar2,1,22,0.11146563239549723,8.203363453760604,5.016155035456604,3.9048399941889467
75,ar2,2,22,0.01759558019869767,3.2176377685701896,5.0869286336376724,4.308202576426226
75,ar2,3,22,0.020229707347601544,3.401186125761944,5.122402967123129,4.381013936998307
75,ar2,4,22,0.11313465483848595,8.11441642049887,5.71624006763628,4.4507789312477515
75,ar2,5,22,0.26742536941771167,14.49459463267528,5.688913185615698,4.242637174306542
75,ar2,6,22,0.07008698453677087,6.688074915289215,4.426156435433914,3.7844049020041597
75,ar2,7,22,0.029028210458460046,4.032006015735716,5.331607657485258,4.355436756058691
75,ar2,8,22,1.0066995380747958,47130.49930438088,NA,4.15779297336246
75,ar2,9,22,0.989218621453911,3677.195877304532,7.80098464869552,3.942581851835944
75,ar2,0,23,0.021331206456559726,3.593253231128134,5.133072538656764,4.313821933938209
75,ar2,1,23,0.1296488010727722,8.813051847703147,5.278791605988338,4.212451010948466
75,ar2,2,23,0.021172738946190428,3.873723649259042,4.411089225787933,3.9048399941889467
75,ar2,3,23,0.019115604540731024,3.33777369975997,5.181342397996688,4.308202576426226
75,ar2,4,23,0.13144685665092515,8.853140353738263,5.584946887676801,4.381013936998307
75,ar2,5,23,0.30152610059932794,15.990508270976754,5.983042096193225,4.4507789312477515
75,ar2,6,23,0.07002781236126565,6.210852463601912,5.3342141257393125,4.242637174306542
75,ar2,7,23,0.03484057151315523,5.124704615361056,4.279337540799227,3.7844049020041597
75,ar2,8,23,1.028141969711375,76904.45409646377,NA,4.355436756058691
75,ar2,9,23,0.9988532333758096,1886.42259479571,NA,4.15779297336246
75,ar2,0,24,0.02864558195068201,4.3569939338921895,4.663936087581152,4.035043608733934
75,ar2,1,24,0.15074430242269066,9.652711070857212,5.6685961682412875,4.313821933938209
75,ar2,2,24,0.020854621688311092,3.5599651668856147,4.813408213953633,4.212451010948466
75,ar2,3,24,0.02149742849009284,3.8950013543732225,4.428154850376557,3.9048399941889467
75,ar2,4,24,0.14878302291197665,9.542485139389758,5.6665103364276845,4.308202576426226
75,ar2,5,24,0.3471906085108659,17.89483834276106,5.913134573089996,4.381013936998307
75,ar2,6,24,0.05816819312368593,5.600661127775803,5.596534177229749,4.4507789312477515
75,ar2,7,24,0.031050919428440737,4.210375408464285,5.24506538869888,4.242637174306542
75,ar2,8,24,1.0063254252167904,79322.79270061308,NA,3.7844049020041597
75,ar2,9,24,1.0271498341467635,12790.110087516747,NA,4.355436756058691
75,ar4,0,0,0.023589041958882784,4.122820516102424,5.080647301787284,4.545408870439585
75,ar4,1,0,0.018493566484355295,3.0563542296754873,5.459915954921608,5.032552500474465
75,ar4,2,0,0.04437905992113966,5.276277393691653,4.8825956311843495,4.104181457846501
75,ar4,3,0,0.013539275524873218,2.780508075896771,5.023630310888615,4.462647390687442
75,ar4,4,0,0.03183602179000922,4.217263290460208,5.095602276251347,4.5267389085736385
75,ar4,5,0,0.04616043449363405,5.095487440674263,5.417642046776622,4.829241158711842
75,ar4,6,0,0.08366051175686828,7.912010750581182,5.326810530936139,4.327482091757218
75,ar4,7,0,0.04089288083988463,5.508877113092734,4.638761579293916,4.146709153242097
75,ar4,8,0,0.03317764477940188,4.624185875591633,6.1585743756076035,4.63495999974222
75,ar4,9,0,0.09416460018387196,7.381666993959566,5.977956746923468,4.547226692983608
75,ar4,0,1,0.032481099293008464,4.3807020595181845,5.461430493036135,4.670928556716118
75,ar4,1,1,0.030417438725048762,4.538457986179421,5.153175469931425,4.545408870439585
75,ar4,2,1,0.017651668707799772,2.979493566299191,5.528957526060821,5.032552500474465
75,ar4,3,1,0.04508957297056859,5.396363406181838,4.862210109695888,4.104181457846501
75,ar4,4,1,0.01800142077222955,3.2198160438566727,5.10967061425933,4.462647390687442
75,ar4,5,1,0.0495294167268282,5.25889046773747,6.090592702788359,4.5267389085736385
75,ar4,6,1,0.061557413780001125,5.905411134277132,6.333883453100111,4.829241158711842
75,ar4,7,1,0.15006309496820713,9.751240601827075,5.72989722692749,4.327482091757218
75,ar4,8,1,0.057748075409449595,6.197028894910315,4.994518453892587,4.146709153242097
75,ar4,9,1,0.044555061404303764,5.097020889373832,6.370427147760809,4.63495999974222
75,ar4,0,2,0.018793400809538285,3.486744055397966,5.169437225224667,4.528345036766333
75,ar4,1,2,0.03550789571111068,4.57217789179484,4.969178653586407,4.670928556716118
75,ar4,2,2,0.02891278590578783,4.360803971143999,5.242090218321287,4.545408870439585
75,ar4,3,2,0.023184367733624422,3.4136070351886825,5.58090776779025,5.032552500474465
75,ar4,4,2,0.18362270038231177,10.974217807401395,5.309325607062927,4.104181457846501
75,ar4,5,2,0.06718750431842757,6.07750873102744,5.941202217988694,4.462647390687442
75,ar4,6,2,0.018543088107388805,3.302349424375156,5.984805162023522,4.5267389085736385
75,ar4,7,2,0.29754552960894665,14.97104114479322,7.062601671143072,4.829241158711842
75,ar4,8,2,0.21223505123666997,11.436915064898407,5.910966241349846,4.327482091757218
75,ar4,9,2,0.059164259646746875,6.092045184391485,5.093163219767957,4.146709153242097
75,ar4,0,3,0.052954861653885965,5.910226174442934,4.971281560988697,4.3093610230777575
75,ar4,1,3,0.0287588436138847,4.116965501862054,4.954482994244915,4.528345036766333
75,ar4,2,3,0.02565742834710283,4.031099947538076,5.526063111984942,4.670928556716118
75,ar4,3,3,0.03323263267979848,4.636003809901233,5.333407752847345,4.545408870439585
75,ar4,4,3,0.11021972042267114,7.611794573399302,6.308391974023503,5.032552500474465
75,ar4,5,3,0.18689093643464216,11.089811856198414,5.970516529339382,4.104181457846501
75,ar4,6,3,0.030295630270359863,4.16332614095658,5.75399853339443,4.462647390687442
75,ar4,7,3,0.4419517443318992,24.368895390111838,6.86477831558011,4.5267389085736385
75,ar4,8,3,0.26510603210525097,12.833815830663807,NA,4.829241158711842
75,ar4,9,3,0.16639630029578423,10.21982844007318,5.86165193903931,4.327482091757218
75,ar4,0,4,0.016114988227451055,2.9973080600108992,5.420896260181402,4.721859584796138
75,ar4,1,4,0.09027487247003008,7.463159672817034,5.210857007437477,4.3093610230777575
75,ar4,2,4,0.01850047579081371,3.304492148374761,5.274705110525406,4.528345036766333
75,ar4,3,4,0.030931060732184545,4.321641601687852,5.541759771353557,4.670928556716118
75,ar4,4,4,0.5025238680702273,27.18697265044842,6.19236589478635,4.545408870439585
75,ar4,5,4,0.08181472264384393,6.6492726306169905,6.75216483773741,5.032552500474465
75,ar4,6,4,0.048562868507835644,5.5341701573315225,5.304514935761744,4.104181457846501
75,ar4,7,4,0.5623731573305003,34.230917503053384,6.5915402671557475,4.462647390687442
75,ar4,8,4,0.21709600435795173,11.899940979581135,NA,4.5267389085736385
75,ar4,9,4,0.1681347684308091,9.9517681971865,6.400833144639961,4.829241158711842
75,ar4,0,5,0.03923716968405011,4.74227787406223,5.16308788998098,4.8092273012354765
75,ar4,1,5,0.08093510419896988,6.805820015270573,5.663264585330932,4.721859584796138
75,ar4,2,5,0.06066260175509641,6.235024189086229,5.009445395517931,4.3093610230777575
75,ar4,3,5,0.019795650054360348,3.3753671931444007,5.322050484076498,4.528345036766333
75,ar4,4,5,0.6380734910640767,35.39479635843691,NA,4.670928556716118
75,ar4,5,5,0.29237887575599564,15.465530876757466,6.708554193955629,4.545408870439585
75,ar4,6,5,0.03408524522872047,4.140433572813221,6.6603610209119095,5.032552500474465
75,ar4,7,5,0.6889500610073669,50.42928400545164,6.636931938105461,4.104181457846501
75,ar4,8,5,0.017295166355329572,3.221340748620193,5.5471658290880335,4.462647390687442
75,ar4,9,5,0.17500392252434904,10.390049641581207,5.892642461326896,4.5267389085736385
75,ar4,0,6,0.04079034183623331,5.097083175192419,4.908900539967386,4.397161664618012
75,ar4,1,6,0.16967290647766087,10.351080180747095,5.8214619468414925,4.8092273012354765
75,ar4,2,6,0.016837637896267355,3.0545547479781296,5.522282476325657,4.721859584796138
75,ar4,3,6,0.05880495767761029,6.144602174126873,5.006866910077059,4.3093610230777575
75,ar4,4,6,0.7730737586013576,92.31262959575164,6.480415587524284,4.528345036766333
75,ar4,5,6,0.14278255611357182,9.417315366388777,6.366470815567421,4.670928556716118
75,ar4,6,6,0.05560500165620086,5.634753040355781,5.417577811767315,4.545408870439585
75,ar4,7,6,0.7856812433765502,96.08062481430633,7.923027367852127,5.032552500474465
75,ar4,8,6,0.4689191570932998,24.978525832084607,6.120111174732388,4.104181457846501
75,ar4,9,6,0.11084292012922814,7.956925277435742,5.605174475144991,4.462647390687442
75,ar4,0,7,0.038345889731261074,5.379944499142357,4.5215548671413055,4.190335878175664
75,ar4,1,7,0.26927783820569295,14.312311930239494,5.742098652431336,4.397161664618012
75,ar4,2,7,0.0383071193218717,4.683479762225134,5.377686594326202,4.8092273012354765
75,ar4,3,7,0.018159867949280817,3.165018491058504,5.4803858163087495,4.721859584796138
75,ar4,4,7,0.9650099575430274,149.30103720812664,NA,4.3093610230777575
75,ar4,5,7,0.5471922776430984,35.22733672300819,6.083604918472414,4.528345036766333
75,ar4,6,7,0.044383557029311516,5.013872972864582,5.652072998390235,4.670928556716118
75,ar4,7,7,0.903686446975082,211.07425377316102,7.104439284767154,4.545408870439585
75,ar4,8,7,0.7278535180160061,67.74247412649137,7.749048875657334,5.032552500474465
75,ar4,9,7,0.06442748429420675,6.23528697160937,5.499480484803634,4.104181457846501
75,ar4,0,8,0.0177059739816553,3.572009664162735,4.877473623359208,4.4039336870562895
75,ar4,1,8,0.39217675336655344,20.140000062034947,5.165784879512116,4.190335878175664
75,ar4,2,8,0.0434227954291071,5.249939558451887,5.074298486869243,4.397161664618012
75,ar4,3,8,0.04126869473357775,4.859729380046481,5.3705005388388685,4.8092273012354765
75,ar4,4,8,0.9264247050877195,338.7535764042149,8.1980455936511,4.721859584796138
75,ar4,5,8,0.41423887155605577,22.540437346321706,5.419396316415045,4.3093610230777575
75,ar4,6,8,0.049414994924607214,5.2384855884304615,5.6631945228121126,4.528345036766333
75,ar4,7,8,0.9235799164478983,423.39813141417557,7.234913107606514,4.670928556716118
75,ar4,8,8,0.8464285469425235,114.3187682492467,7.862906217180802,4.545408870439585
75,ar4,9,8,0.393127465884452,21.96422142782541,6.7310953082854,5.032552500474465
75,ar4,0,9,0.020107927983113227,3.3641115476993253,5.312724046513627,4.727099647399969
75,ar4,1,9,0.5223120019747142,28.518004579354475,5.684825532270747,4.4039336870562895
75,ar4,2,9,0.03670634528888861,5.339111604151012,4.690509090172274,4.190335878175664
75,ar4,3,9,0.04639003433455302,5.427371055782363,5.107999627618757,4.397161664618012
75,ar4,4,9,1.0243312550748518,606.4346397427489,NA,4.8092273012354765
75,ar4,5,9,0.7980691269040439,85.19932823818867,7.930801063599297,4.721859584796138
75,ar4,6,9,0.09605774926846,7.687850784571186,5.860938825352845,4.3093610230777575
75,ar4,7,9,0.9169209783218611,740.2105013692461,7.611383763676827,4.528345036766333
75,ar4,8,9,0.8380562277888909,121.17097988830008,7.438255362854203,4.670928556716118
75,ar4,9,9,0.6710536149203634,47.890219097834965,6.570501370208148,4.545408870439585
75,ar4,0,10,0.019766966080253412,3.9325081628644534,4.635015575909515,4.108971004641175
75,ar4,1,10,0.652064374958115,41.24631525594216,6.588034940314326,4.727099647399969
75,ar4,2,10,0.01729389406615034,3.5524110390559787,4.8953108192575625,4.4039336870562895
75,ar4,3,10,0.03808970213662766,5.4291674778998695,4.67923408804544,4.190335878175664
75,ar4,4,10,0.9346625596704768,1266.4219603928495,8.702243387220149,4.397161664618012
75,ar4,5,10,0.5413552634837888,31.368282611362947,7.060401801770977,4.8092273012354765
75,ar4,6,10,0.1593061845581718,9.97601665497697,6.643907118928656,4.721859584796138
75,ar4,7,10,0.9223294960407571,1190.0890298350528,7.527520349034937,4.3093610230777575
75,ar4,8,10,0.3702642081107602,19.919412487394734,6.531407260123936,4.528345036766333
75,ar4,9,10,0.7451086889324784,68.53179893379576,6.910626583273864,4.670928556716118
75,ar4,0,11,0.03925660426793243,5.305949290890194,4.57213000630633,4.047962009604492
75,ar4,1,11,0.7501046445955771,59.57348289724397,5.850459344772791,4.108971004641175
75,ar4,2,11,0.02155612139853036,3.485526692825732,5.353002960834181,4.727099647399969
75,ar4,3,11,0.018926368901298396,3.6810258165790866,4.944250399090331,4.4039336870562895
75,ar4,4,11,1.0260332837941755,2400.684302773734,NA,4.190335878175664
75,ar4,5,11,0.859230094661741,166.43025789778835,7.878031564372023,4.397161664618012
75,ar4,6,11,0.2103123442681365,11.8355080188193,6.478298598114204,4.8092273012354765
75,ar4,7,11,0.9639287453276225,1965.4286511934185,9.913310431374443,4.721859584796138
75,ar4,8,11,1.0109105507169736,264.52011734741086,NA,4.3093610230777575
75,ar4,9,11,0.7084604742339278,63.40521659864309,6.460048378972895,4.528345036766333
75,ar4,0,12,0.01442673261414229,3.128365028771707,4.661603130173832,4.111118552934551
75,ar4,1,12,0.8279796891123425,86.14023531441585,5.760565821633855,4.047962009604492
75,ar4,2,12,0.020011137201348173,3.956408291851056,4.653305345086376,4.108971004641175
75,ar4,3,12,0.02215839350995652,3.5261444149553633,5.360694018908026,4.727099647399969
75,ar4,4,12,0.9832738363341452,4837.794229011372,8.212249506671485,4.4039336870562895
75,ar4,5,12,0.15595808447786075,10.1418836475585,5.500688696748412,4.190335878175664
75,ar4,6,12,0.31284412332994926,16.235619897974953,6.618928725557354,4.397161664618012
75,ar4,7,12,0.9473556621820639,3590.8489809094767,10.259499986499154,4.8092273012354765
75,ar4,8,12,1.0084381876666328,745.0005898897416,NA,4.721859584796138
75,ar4,9,12,0.11979791344963098,8.617545145689398,5.8811044228889635,4.3093610230777575
75,ar4,0,13,0.028379692019327107,4.438687076039988,4.444367437859713,3.942581851835944
75,ar4,1,13,0.8770901646592973,124.38196815674823,6.789973948740884,4.111118552934551
75,ar4,2,13,0.03993067657298921,5.333083769026231,4.576635731125037,4.047962009604492
75,ar4,3,13,0.021565991877068202,4.043589018037565,4.682707863158725,4.108971004641175
75,ar4,4,13,1.0551571113377771,9367.356442354197,NA,4.727099647399969
75,ar4,5,13,0.9434127090617773,355.77545731827354,7.443898907689529,4.4039336870562895
75,ar4,6,13,0.31190209948957326,16.36447472869676,5.7522078450203615,4.190335878175664
75,ar4,7,13,0.9441229468300596,6959.262459551649,10.689449421484301,4.397161664618012
75,ar4,8,13,1.0372616313124952,1267.9664219826286,NA,4.8092273012354765
75,ar4,9,13,0.9082235524261937,126.33635394154132,NA,4.721859584796138
75,ar4,0,14,0.01076740414484656,2.632283257262931,4.52800600812845,4.15779297336246
75,ar4,1,14,0.9025111511945397,179.63620167140687,5.804004602414876,3.942581851835944
75,ar4,2,14,0.015034009724574027,3.174870714346602,4.685201079295861,4.111118552934551
75,ar4,3,14,0.04107450533551882,5.385779974554012,4.597527146083488,4.047962009604492
75,ar4,4,14,0.9859252656422764,18623.548162039773,8.792596064013022,4.108971004641175
75,ar4,5,14,0.7182928924679436,43.85510551886551,NA,4.727099647399969
75,ar4,6,14,0.4120169546965817,21.07493613305999,6.355405781702711,4.4039336870562895
75,ar4,7,14,0.9666617654016282,13146.66424574597,8.249426398930378,4.190335878175664
75,ar4,8,14,1.043444521643615,1384.9367735078622,NA,4.397161664618012
75,ar4,9,14,1.0029936210435613,326.2679117173101,NA,4.8092273012354765
75,ar4,0,15,0.023009266925107408,3.5962636874975704,4.888003384573241,4.355436756058691
75,ar4,1,15,0.9336328829309287,259.9338379444079,6.465762937955615,4.15779297336246
75,ar4,2,15,0.028251082899134916,4.429413874338637,4.436650979922767,3.942581851835944
75,ar4,3,15,0.01667718145124486,3.307751038983897,4.724143340810216,4.111118552934551
75,ar4,4,15,1.0321618212404466,36378.50089722752,NA,4.047962009604492
75,ar4,5,15,0.968674158673027,845.462418684278,7.4220735246954215,4.108971004641175
75,ar4,6,15,0.3729176075578653,19.957747649900035,6.693943131439345,4.727099647399969
75,ar4,7,15,0.9858036795527325,23383.795656705406,9.590740231558819,4.4039336870562895
75,ar4,8,15,0.9875631838244239,329.1517869161815,NA,4.190335878175664
75,ar4,9,15,1.0258390632863212,527.5034096504779,NA,4.397161664618012
75,ar4,0,16,0.03747731815301236,5.209022811281157,4.155124806771248,3.7844049020041597
75,ar4,1,16,0.9594361181512504,376.05793042553245,7.8550068835241795,4.355436756058691
75,ar4,2,16,0.010632460887751605,2.621848163663241,4.537601484519888,4.15779297336246
75,ar4,3,16,0.030019242894666287,4.539207528939651,4.488802801707949,3.942581851835944
75,ar4,4,16,0.9721983344744214,71892.89917185217,10.393999452562326,4.111118552934551
75,ar4,5,16,0.9692884447115127,236.46014749823215,NA,4.047962009604492
75,ar4,6,16,0.5401632829162712,29.796038876701864,6.004454708580912,4.108971004641175
75,ar4,7,16,0.9428375052982156,40040.692444337175,10.2268639294202,4.727099647399969
75,ar4,8,16,0.9809857935389428,2744.834768400938,8.450614804365456,4.4039336870562895
75,ar4,9,16,1.0066950757938375,583.6856766662875,NA,4.190335878175664
75,ar4,0,17,0.02424461790979837,3.732916739150156,4.819538488352587,4.242637174306542
75,ar4,1,17,0.9723011513655052,543.806514090174,6.365172233221011,3.7844049020041597
75,ar4,2,17,0.024386036675862588,3.6999257932403675,4.934387596052891,4.355436756058691
75,ar4,3,17,0.012958612576193462,2.849857674034976,4.600723070710448,4.15779297336246
75,ar4,4,17,1.0065685007198077,141010.18285522817,NA,3.942581851835944
75,ar4,5,17,0.9645363625157399,1935.115398570218,8.690667148118452,4.111118552934551
75,ar4,6,17,0.559768622372663,32.32542950908734,5.912338671196213,4.047962009604492
75,ar4,7,17,0.9865364075981867,69318.04590002954,9.854169793978466,4.108971004641175
75,ar4,8,17,0.9413517495323053,8057.041541011007,9.190249943747027,4.727099647399969
75,ar4,9,17,0.9591458495162064,279.1433143750428,NA,4.4039336870562895
75,ar4,0,18,0.019087858450096862,3.270126950844187,5.15440663626361,4.4507789312477515
75,ar4,1,18,0.9806134792108698,786.3511896159846,8.136868841148848,4.242637174306542
75,ar4,2,18,0.037698243001964116,5.230624212987092,4.161928803125585,3.7844049020041597
75,ar4,3,18,0.026917704823672728,3.874693432568268,4.982950562370071,4.355436756058691
75,ar4,4,18,0.9929203145317981,277919.22949105594,10.809267203484296,4.15779297336246
75,ar4,5,18,0.9918113061913548,1016.2570365517918,NA,3.942581851835944
75,ar4,6,18,0.6782547927399435,48.45004673481567,6.558650357837736,4.111118552934551
75,ar4,7,18,0.9673085222395365,125011.60809083951,9.710762532226637,4.047962009604492
75,ar4,8,18,0.9856813817348705,13985.979848567194,8.838192651681984,4.108971004641175
75,ar4,9,18,0.9179424808972266,596.7562866321884,7.841475772284293,4.727099647399969
75,ar4,0,19,0.0193983046209798,3.3299286181214174,4.9983161488835615,4.381013936998307
75,ar4,1,19,0.9793977902972656,1136.978913821421,8.185067955895176,4.4507789312477515
75,ar4,2,19,0.024880911212086798,3.7818771336073365,4.894429922735202,4.242637174306542
75,ar4,3,19,0.03978992857375063,5.341065887740007,4.2022774248458035,3.7844049020041597
75,ar4,4,19,1.0283096931172053,546053.0490370443,NA,4.355436756058691
75,ar4,5,19,0.9894989698037662,4421.774003467525,8.442029785591274,4.15779297336246
75,ar4,6,19,0.7210306787775501,53.00982934563573,5.80051100615816,3.942581851835944
75,ar4,7,19,0.9723464796257522,231412.24592344664,11.388911019929958,4.111118552934551
75,ar4,8,19,0.9664888254552921,15692.005137293732,8.600270925592145,4.047962009604492
75,ar4,9,19,0.9795156864386232,2092.4498422748134,7.817011716661712,4.108971004641175
75,ar4,0,20,0.01826617673187403,3.2625388541876386,5.078732565410461,4.308202576426226
75,ar4,1,20,0.9765129026335758,1644.0557311163402,8.378310267886917,4.381013936998307
75,ar4,2,20,0.019705568791934858,3.3221747856881936,5.227600452855365,4.4507789312477515
75,ar4,3,20,0.027640038100485764,3.966687433392503,4.934452219120243,4.242637174306542
75,ar4,4,20,0.9934725770069643,1075045.236071253,9.59969346204181,3.7844049020041597
75,ar4,5,20,1.0237512879656057,3302.6621574624464,NA,4.355436756058691
75,ar4,6,20,0.790386684115238,73.86589985721238,6.012442865393457,4.15779297336246
75,ar4,7,20,0.9932892317378439,424897.25033000135,10.085347770913684,3.942581851835944
75,ar4,8,20,0.9692271257560033,4718.671115213831,9.16507238536347,4.111118552934551
75,ar4,9,20,0.9635757061105209,3852.1509190008846,7.911477324154481,4.047962009604492
75,ar4,0,21,0.020404052813086992,3.802511614440078,4.503471879557349,3.9048399941889467
75,ar4,1,21,0.9935371073874208,2377.7130747583865,8.65012667620806,4.308202576426226
75,ar4,2,21,0.019062298393269894,3.306255907605816,5.024188327225583,4.381013936998307
75,ar4,3,21,0.02243472595183338,3.525620992105369,5.257146381560663,4.4507789312477515
75,ar4,4,21,1.0281151438400038,2113713.094468777,NA,4.242637174306542
75,ar4,5,21,0.9920729137251848,10614.731706092743,7.941856455254642,3.7844049020041597
75,ar4,6,21,0.7756942467637468,75.01443566119038,6.900757758462292,4.355436756058691
75,ar4,7,21,0.9929557595298282,760496.6973310431,11.206550076326689,4.15779297336246
75,ar4,8,21,1.0061530084728887,28517.421664981084,NA,3.942581851835944
75,ar4,9,21,0.9693145752661778,4902.452264177592,9.144394125888788,4.111118552934551
75,ar4,0,22,0.0196829833071408,3.460013694493755,4.829329480410309,4.212451010948466
75,ar4,1,22,0.9955445803014551,3438.267076840918,8.955778240745234,3.9048399941889467
75,ar4,2,22,0.017704310912895815,3.220266051145135,5.091570937429705,4.308202576426226
75,ar4,3,22,0.0222076961889649,3.5417963089863145,5.086660994996802,4.381013936998307
75,ar4,4,22,0.9786411733430604,4159495.5061381073,12.984097637009018,4.4507789312477515
75,ar4,5,22,1.0265297353900535,9500.156750879964,NA,4.242637174306542
75,ar4,6,22,0.850750302040243,103.2600902226783,5.586811228108914,3.7844049020041597
75,ar4,7,22,0.9716513810745486,1338182.5661891566,13.066154532326204,4.355436756058691
75,ar4,8,22,1.006850559423812,87115.4012359155,NA,4.15779297336246
75,ar4,9,22,0.989163859666259,3613.574835487605,7.799306752216173,3.942581851835944
75,ar4,0,23,0.0208304239526671,3.5551544739152763,5.120528923878119,4.313821933938209
75,ar4,1,23,0.9969175733542225,4971.863006514493,8.128058135944762,4.212451010948466
75,ar4,2,23,0.02125215253854995,3.8696285536939246,4.491757562421121,3.9048399941889467
75,ar4,3,23,0.02125689633206096,3.4932089226540795,5.158300877892685,4.308202576426226
75,ar4,4,23,1.0070764574006108,8180696.323090395,NA,4.381013936998307
75,ar4,5,23,0.9780570397864126,25898.28441086818,10.409554371252863,4.4507789312477515
75,ar4,6,23,0.8336681750251648,105.98566079029774,7.069264125509315,4.242637174306542
75,ar4,7,23,0.9934802882087493,2364006.420092999,9.936368622300902,3.7844049020041597
75,ar4,8,23,1.0282408155077587,154228.7047304071,NA,4.355436756058691
75,ar4,9,23,0.9989336755998373,1890.5869799298857,NA,4.15779297336246
75,ar4,0,24,0.028342759011513174,4.336551624988497,4.704214399124254,4.035043608733934
75,ar4,1,24,0.9978711645426745,7189.4953268355075,8.89009348762877,4.313821933938209
75,ar4,2,24,0.01965562071168736,3.4629250696493266,4.80369550967017,4.212451010948466
75,ar4,3,24,0.0230159622108973,3.9862310674887698,4.526569611250102,3.9048399941889467
75,ar4,4,24,0.9999990489278723,16095294.538671171,14.038161582990183,4.308202576426226
75,ar4,5,24,1.0065101332659119,26805.934869255914,NA,4.381013936998307
75,ar4,6,24,0.8817986041686774,152.55329608943327,7.908625053077944,4.4507789312477515
75,ar4,7,24,0.9718741817336809,4246805.008983007,13.542570320747934,4.242637174306542
75,ar4,8,24,1.0064301629313852,177583.22417142306,NA,3.7844049020041597
75,ar4,9,24,1.0271493035900214,12648.549367091131,NA,4.355436756058691
75,arima212,0,0,0.023543777635733343,3.7264190521546596,5.090058887583721,4.545408870439585
75,arima212,1,0,0.026510959644824972,4.029244344457835,5.522756682098836,5.032552500474465
75,arima212,2,0,0.026754269970734823,4.05025551505288,4.941551834579066,4.104181457846501
75,arima212,3,0,0.013540043706716576,2.826017396811593,5.1079934552396224,4.462647390687442
75,arima212,4,0,0.009165581919332921,2.280013523171518,4.865047661486115,4.5267389085736385
75,arima212,5,0,0.03640077418453813,4.573997580879632,5.3421800292340444,4.829241158711842
75,arima212,6,0,0.07051804686591578,7.257186754064046,5.104696387505999,4.327482091757218
75,arima212,7,0,0.03240164182305283,5.3546888592326685,4.5886319230196175,4.146709153242097
75,arima212,8,0,0.024122201036909652,4.3448724193058705,5.479707027067077,4.63495999974222
75,arima212,9,0,0.07668745325639859,6.686003973562032,5.686994764250005,4.547226692983608
75,arima212,0,1,0.014892428891485787,2.9340832376175694,4.934788566701127,4.670928556716118
75,arima212,1,1,0.02737140380550085,3.9951640817582295,5.173772339746918,4.545408870439585
75,arima212,2,1,0.020113787469634548,3.518942935025323,5.545776431367308,5.032552500474465
75,arima212,3,1,0.02157344189789001,3.6448637094240843,4.804998944386182,4.104181457846501
75,arima212,4,1,0.011907141380031905,2.6464831001926528,5.036922978982797,4.462647390687442
75,arima212,5,1,0.00962906814426523,2.337916941986198,4.947544737990469,4.5267389085736385
75,arima212,6,1,0.05147514985222812,5.508394546389083,5.517612343233507,4.829241158711842
75,arima212,7,1,0.08666104186452939,8.103505800057171,5.015651015268884,4.327482091757218
75,arima212,8,1,0.033603598405394064,5.476696000898374,4.657855449798212,4.146709153242097
75,arima212,9,1,0.032855312720848406,4.587607177586849,5.87087260331943,4.63495999974222
75,arima212,0,2,0.010569758008116992,2.4626939166725936,4.788838361909588,4.528345036766333
75,arima212,1,2,0.018744862172294652,3.2785329025190615,4.847119466512377,4.670928556716118
75,arima212,2,2,0.027424589906925978,3.9707125080687082,5.2781019034184125,4.545408870439585
75,arima212,3,2,0.031054453006702176,4.174325937423119,NA,5.032552500474465
75,arima212,4,2,0.025621353469156838,3.9639777310684083,4.8663368774612925,4.104181457846501
75,arima212,5,2,0.01513070223973334,2.8923004131343144,5.14104171363242,4.462647390687442
75,arima212,6,2,0.0056301007433703365,2.097839093330111,5.0311790100245,4.5267389085736385
75,arima212,7,2,0.048873749442611025,5.355083141266937,5.440374604625491,4.829241158711842
75,arima212,8,2,0.10708713951314608,8.626202489812199,5.210825111699126,4.327482091757218
75,arima212,9,2,0.051125246292092585,5.7369926426157285,4.8516771026545475,4.146709153242097
75,arima212,0,3,0.04636182674474154,5.44868366790352,4.7661376268943,4.3093610230777575
75,arima212,1,3,0.012901301680248167,2.7547041807636887,4.931604722114983,4.528345036766333
75,arima212,2,3,0.01639420148569104,3.070166330868558,5.652153911788276,4.670928556716118
75,arima212,3,3,0.03061939989043372,4.192602219990703,NA,4.545408870439585
75,arima212,4,3,0.02895689335989804,4.029627626894629,5.729951833338237,5.032552500474465
75,arima212,5,3,0.02516235227109831,3.949039042443924,4.888401067912394,4.104181457846501
75,arima212,6,3,0.013201292317386093,2.846556452410785,5.112797568963554,4.462647390687442
75,arima212,7,3,0.009192279495640832,2.851810500227267,4.982809825015758,4.5267389085736385
75,arima212,8,3,0.06162709422146406,5.808177764894534,6.230008514408429,4.829241158711842
75,arima212,9,3,0.117422205553804,8.737680496203598,5.1639490915380355,4.327482091757218
75,arima212,0,4,0.015080986518746564,2.8759881848211135,5.177782440498827,4.721859584796138
75,arima212,1,4,0.0560934548965385,5.964657851568327,5.03996872366472,4.3093610230777575
75,arima212,2,4,0.013635124106089136,2.797429146185043,5.341290296147385,4.528345036766333
75,arima212,3,4,0.02154623213890905,3.51781372771838,NA,4.670928556716118
75,arima212,4,4,0.03447889637039758,4.446971946892404,5.283748225796887,4.545408870439585
75,arima212,5,4,0.03141277657505548,4.100089655392817,5.908160281528119,5.032552500474465
75,arima212,6,4,0.01705417705536505,3.517133575953824,4.82839811219839,4.104181457846501
75,arima212,7,4,0.011030558218119935,2.713116352936555,5.030744909945562,4.462647390687442
75,arima212,8,4,0.013973323265720428,3.086772918754502,5.139797995600765,4.5267389085736385
75,arima212,9,4,0.059544286162825255,5.673538295021558,6.171999934804719,4.829241158711842
75,arima212,0,5,0.04325503356202165,4.934443432064984,5.089301344951902,4.8092273012354765
75,arima212,1,5,0.021404318344816486,3.4081893182603578,5.307953952710116,4.721859584796138
75,arima212,2,5,0.050291062377772144,5.6881939491889035,5.027529825397402,4.3093610230777575
75,arima212,3,5,0.015696743203738595,2.995481517927538,NA,4.528345036766333
75,arima212,4,5,0.020958600876557987,3.4671969691048186,5.687326349275384,4.670928556716118
75,arima212,5,5,0.033477755337802395,4.380213213462667,5.353989538713782,4.545408870439585
75,arima212,6,5,0.030214569059878738,3.926093546814444,5.820903797379847,5.032552500474465
75,arima212,7,5,0.019425996479435437,3.8540076811225217,4.8833103124521715,4.104181457846501
75,arima212,8,5,0.010348328978528998,2.5715108984040373,4.985904320130063,4.462647390687442
75,arima212,9,5,0.01839280110249253,3.2888703985490486,5.665029789799182,4.5267389085736385
75,arima212,0,6,0.048743624583747924,5.443394545104627,4.741465469055068,4.397161664618012
75,arima212,1,6,0.053481308524849225,5.48304238371453,5.36540159547628,4.8092273012354765
75,arima212,2,6,0.014962845535716696,2.8565304359846806,5.3596834687793855,4.721859584796138
75,arima212,3,6,0.046952445242085084,5.519175193884605,NA,4.3093610230777575
75,arima212,4,6,0.017387894439927054,3.1331944068650226,5.334340356981136,4.528345036766333
75,arima212,5,6,0.02526633999400063,3.7996577352604524,5.800111833112279,4.670928556716118
75,arima212,6,6,0.027927651929571362,4.039613259652666,5.245370112532359,4.545408870439585
75,arima212,7,6,0.02823354983086468,3.764786003783794,5.728687859182701,5.032552500474465
75,arima212,8,6,0.020825991896392226,3.938307681842167,4.9282909124439085,4.104181457846501
75,arima212,9,6,0.014107536645889596,2.8256347560838204,5.310567235929571,4.462647390687442
75,arima212,0,7,0.027498619425690873,4.5842665603048705,4.414810057313675,4.190335878175664
75,arima212,1,7,0.06021605258125218,5.988084541826845,5.088029796263716,4.397161664618012
75,arima212,2,7,0.04331844472641566,4.9375516258655345,5.294214729113438,4.8092273012354765
75,arima212,3,7,0.016740723223258702,3.0182738354013683,NA,4.721859584796138
75,arima212,4,7,0.047344859863213684,5.526707166952017,4.935827747759533,4.3093610230777575
75,arima212,5,7,0.017202789623021353,3.1168792265720278,5.416669755214828,4.528345036766333
75,arima212,6,7,0.02106245491417147,3.505902204332845,5.678561482815392,4.670928556716118
75,arima212,7,7,0.02441036936111929,3.852775497899344,5.155542805452635,4.545408870439585
75,arima212,8,7,0.022988283134119047,3.39614112603429,5.661589334741683,5.032552500474465
75,arima212,9,7,0.03149648446922804,4.54785538853859,5.357620779996845,4.104181457846501
75,arima212,0,8,0.011455283114502501,2.872966248524266,4.861251338099937,4.4039336870562895
75,arima212,1,8,0.0333899183727282,4.861207496113173,4.547934789833692,4.190335878175664
75,arima212,2,8,0.04799345851771708,5.379555920682664,5.0029844170266164,4.397161664618012
75,arima212,3,8,0.04554136813834797,5.0600142285403695,NA,4.8092273012354765
75,arima212,4,8,0.020445481593721948,3.334789160291509,5.4264039527299275,4.721859584796138
75,arima212,5,8,0.04433876521444047,5.364458293683442,5.066349726619636,4.3093610230777575
75,arima212,6,8,0.012975805609056867,2.7580210435463512,5.355884219028957,4.528345036766333
75,arima212,7,8,0.016775528770636816,3.225646126265089,5.716163011753424,4.670928556716118
75,arima212,8,8,0.02209216305122541,3.726719270431805,5.252840565318189,4.545408870439585
75,arima212,9,8,0.02149752338937283,3.3047751521190833,6.007448222044782,5.032552500474465
75,arima212,0,9,0.01244460715224005,2.629468262857377,5.258121303971561,4.727099647399969
75,arima212,1,9,0.018433627505645922,3.407527718703967,5.031514517728812,4.4039336870562895
75,arima212,2,9,0.02629753595490647,4.443684804252354,4.548680439727961,4.190335878175664
75,arima212,3,9,0.05103494580140844,5.53625378224038,NA,4.397161664618012
75,arima212,4,9,0.046509535022524084,5.1143138548559985,5.344257043194664,4.8092273012354765
75,arima212,5,9,0.022095804441484512,3.46671856415867,5.408500179323109,4.721859584796138
75,arima212,6,9,0.03594562571608084,4.930511827610061,5.06270969520852,4.3093610230777575
75,arima212,7,9,0.009144728678654013,2.4420283706179147,5.2105568923568475,4.528345036766333
75,arima212,8,9,0.017119798598843383,3.3027148231594854,5.872788574837758,4.670928556716118
75,arima212,9,9,0.022721146537558856,3.706923168186169,5.615110104882732,4.545408870439585
75,arima212,0,10,0.014417228678635707,3.363052322857891,4.6974631613706,4.108971004641175
75,arima212,1,10,0.02076382841191471,3.36660771495299,5.558831645818748,4.727099647399969
75,arima212,2,10,0.01025210355226247,2.662215068382044,4.931311843569201,4.4039336870562895
75,arima212,3,10,0.02863920409685805,4.597854128494141,NA,4.190335878175664
75,arima212,4,10,0.05266746866249328,5.613027839548996,5.045764398841434,4.397161664618012
75,arima212,5,10,0.05426471265645727,5.51820067754125,5.450554461960951,4.8092273012354765
75,arima212,6,10,0.02071442002734536,3.355591259569866,5.419434930191552,4.721859584796138
75,arima212,7,10,0.030086305215124676,4.669736776303887,4.974437479927016,4.3093610230777575
75,arima212,8,10,0.00944151352929401,2.545185609402558,5.351913912340958,4.528345036766333
75,arima212,9,10,0.024980851858700026,3.8225281358381604,6.048574362057424,4.670928556716118
75,arima212,0,11,0.031887801920487235,4.751938773796988,4.534829077566665,4.047962009604492
75,arima212,1,11,0.019145502339795617,3.652031230458039,4.782835074089236,4.108971004641175
75,arima212,2,11,0.014209912804217462,2.7906166485461887,5.394925317901827,4.727099647399969
75,arima212,3,11,0.012851878206768585,2.9195570049951454,NA,4.4039336870562895
75,arima212,4,11,0.029435547681375906,4.620585069846481,4.587105046324995,4.190335878175664
75,arima212,5,11,0.05985329166361897,5.969098658496994,5.191517752894526,4.397161664618012
75,arima212,6,11,0.06366436085132365,5.958782553371155,5.4766403999360955,4.8092273012354765
75,arima212,7,11,0.025622270613756326,3.7397880123469687,5.457328541259696,4.721859584796138
75,arima212,8,11,0.03686451866351881,5.123036876086737,5.130760695212515,4.3093610230777575
75,arima212,9,11,0.015042457804476772,2.9969995639405735,5.500606486602882,4.528345036766333
75,arima212,0,12,0.008295183222080116,2.3749295447017693,4.403617021796333,4.111118552934551
75,arima212,1,12,0.037239911471418585,5.01041387675865,4.771948856187925,4.047962009604492
75,arima212,2,12,0.012892720769658195,3.137041059249748,4.6646146054431386,4.108971004641175
75,arima212,3,12,0.016076490855287395,2.9657702948952007,NA,4.727099647399969
75,arima212,4,12,0.016189183265164386,3.195145999819007,4.822748629306965,4.4039336870562895
75,arima212,5,12,0.032346542579111515,4.805987992426047,4.694077071741101,4.190335878175664
75,arima212,6,12,0.0702289650064506,6.450496122762786,5.177119489424973,4.397161664618012
75,arima212,7,12,0.07056919770452486,6.2581138599748485,5.458710389172977,4.8092273012354765
75,arima212,8,12,0.023447448133889548,3.6079919266796607,5.47238076759393,4.721859584796138
75,arima212,9,12,0.0523791482659095,5.846582931786184,5.7394175604122335,4.3093610230777575
75,arima212,0,13,0.01977046246244052,3.701351556247333,4.229302860998741,3.942581851835944
75,arima212,1,13,0.016292395020389372,3.114417739771994,4.648628424600103,4.111118552934551
75,arima212,2,13,0.030500527836624713,4.614269483228532,4.639905146278751,4.047962009604492
75,arima212,3,13,0.012127389232277075,3.059936013137656,NA,4.108971004641175
75,arima212,4,13,0.01668092602315463,3.019727630291555,5.389492574683905,4.727099647399969
75,arima212,5,13,0.020401734132311167,3.551334227556312,5.132603435202033,4.4039336870562895
75,arima212,6,13,0.024661934825849552,4.390458181086439,4.745493145636092,4.190335878175664
75,arima212,7,13,0.07636265338228598,6.7233849190862225,5.136257232409405,4.397161664618012
75,arima212,8,13,0.06769973010138719,6.137104039298357,5.560267967035766,4.8092273012354765
75,arima212,9,13,0.025537288720752005,3.726716293565803,6.29606434831538,4.721859584796138
75,arima212,0,14,0.005798838442320986,1.9129969209953523,4.408127367284578,4.15779297336246
75,arima212,1,14,0.024040850496909294,3.9527645360230923,4.446835319831819,3.942581851835944
75,arima212,2,14,0.009627123580574382,2.4607039606077126,4.4470581812222205,4.111118552934551
75,arima212,3,14,0.030712026448240892,4.628766649948585,NA,4.047962009604492
75,arima212,4,14,0.01589945824112271,3.3536056985794196,4.509057227633485,4.108971004641175
75,arima212,5,14,0.01786067421536819,3.1240955964537136,5.510592468073293,4.727099647399969
75,arima212,6,14,0.013725316825455303,3.053898295892213,5.084550106697675,4.4039336870562895
75,arima212,7,14,0.02083446676424794,4.26725289868657,4.7402532890363585,4.190335878175664
75,arima212,8,14,0.0746176448614635,6.665529567088187,5.280724159265201,4.397161664618012
75,arima212,9,14,0.05771600578640346,5.678596237029669,5.986187290333095,4.8092273012354765
75,arima212,0,15,0.01708406735525725,3.0741043671229273,4.82040802118047,4.355436756058691
75,arima212,1,15,0.013594928664222294,2.7681885029961606,4.682913945575986,4.15779297336246
75,arima212,2,15,0.018948830824700114,3.581196898799918,4.503352737043777,3.942581851835944
75,arima212,3,15,0.011931787525132243,2.705239330290115,NA,4.111118552934551
75,arima212,4,15,0.03224766718034733,4.7001924219730045,4.6124691600857926,4.047962009604492
75,arima212,5,15,0.017802830511401524,3.5124006139797834,4.749223442154703,4.108971004641175
75,arima212,6,15,0.011685359665341677,2.5490993112043956,5.436365724116543,4.727099647399969
75,arima212,7,15,0.012041399280268816,3.0188739537012332,4.9056471347394,4.4039336870562895
75,arima212,8,15,0.0241332729464665,4.570966636542368,4.784975978799787,4.190335878175664
75,arima212,9,15,0.06421550352203031,6.194553673299621,5.83148106692901,4.397161664618012
75,arima212,0,16,0.02590623668617964,4.385337456350093,4.04186525202374,3.7844049020041597
75,arima212,1,16,0.02754715185938672,3.880584807601789,5.108504349104133,4.355436756058691
75,arima212,2,16,0.0063164097883215975,1.9308246305544439,4.640010837334126,4.15779297336246
75,arima212,3,16,0.02191842953709877,3.8124382044648195,NA,3.942581851835944
75,arima212,4,16,0.01523973266997558,3.0054160241476118,4.533788342048751,4.111118552934551
75,arima212,5,16,0.033753592624229056,4.7899213208070694,4.757158418791567,4.047962009604492
75,arima212,6,16,0.009366473922614471,2.8698677028492408,4.643485662181959,4.108971004641175
75,arima212,7,16,0.008326460795500812,2.2379113357509115,5.295109103868561,4.727099647399969
75,arima212,8,16,0.014498893883807651,3.3144302752149484,5.12468176856947,4.4039336870562895
75,arima212,9,16,0.03674851293308645,5.195113005198103,5.2957214521159015,4.190335878175664
75,arima212,0,17,0.021899583593468996,3.5037250304704917,4.5510681202885905,4.242637174306542
75,arima212,1,17,0.03208817271576603,4.70358996278245,4.350720052021976,3.7844049020041597
75,arima212,2,17,0.019842340122941504,3.297804013443778,4.9141475440075935,4.355436756058691
75,arima212,3,17,0.011541445170655806,2.562644154617513,NA,4.15779297336246
75,arima212,4,17,0.023837440549174027,3.930628734768449,4.507397673183704,3.942581851835944
75,arima212,5,17,0.02012261634983581,3.428050537442575,4.736884747257531,4.111118552934551
75,arima212,6,17,0.023954472603171406,4.2334082652609695,4.641033109899111,4.047962009604492
75,arima212,7,17,0.008619640384425642,2.9675309936677983,4.583017556924833,4.108971004641175
75,arima212,8,17,0.010561859803290385,2.5387082172168904,5.471621641017028,4.727099647399969
75,arima212,9,17,0.022177922932893335,3.8003280281184013,5.617898502980604,4.4039336870562895
75,arima212,0,18,0.01389287463486888,2.763889969256017,4.923857952276841,4.4507789312477515
75,arima212,1,18,0.03281561870327321,4.260561802117344,4.758000579946239,4.242637174306542
75,arima212,2,18,0.026625930861787217,4.367293858474274,4.206767379557949,3.7844049020041597
75,arima212,3,18,0.02481663253849864,3.6832051475717558,NA,4.355436756058691
75,arima212,4,18,0.013887613888846184,2.7914627901581843,4.643364311658791,4.15779297336246
75,arima212,5,18,0.027813798757105213,4.207892604431106,4.709943578754948,3.942581851835944
75,arima212,6,18,0.015246737832796509,3.060753011346875,4.675917029218107,4.111118552934551
75,arima212,7,18,0.01908555651842425,4.018694715738741,4.548442580765617,4.047962009604492
75,arima212,8,18,0.01163033505383082,3.344451724889102,4.740211804359071,4.108971004641175
75,arima212,9,18,0.01818701980562165,3.1745929618511273,5.814888499640972,4.727099647399969
75,arima212,0,19,0.019193200360333118,3.2567173118093553,4.739365723510409,4.381013936998307
75,arima212,1,19,0.024189545549428093,3.6227767248608265,5.44718316606834,4.4507789312477515
75,arima212,2,19,0.023057717918673393,3.5808534651537443,4.543920268653481,4.242637174306542
75,arima212,3,19,0.03006030444480612,4.588908180533212,NA,3.7844049020041597
75,arima212,4,19,0.02691388713238707,3.837340329080731,4.790507025475826,4.355436756058691
75,arima212,5,19,0.01961660196492565,3.307180707038269,4.828706022591417,4.15779297336246
75,arima212,6,19,0.016280056741205806,3.415622705783808,4.500798726905854,3.942581851835944
75,arima212,7,19,0.016971873655631353,3.2896142746525725,4.673061248071466,4.111118552934551
75,arima212,8,19,0.024848249589433324,4.489188507058595,4.7568531860710745,4.047962009604492
75,arima212,9,19,0.02176188087316311,3.9820349763620313,5.033421017528722,4.108971004641175
75,arima212,0,20,0.01611466699816322,3.0117415920309645,4.858092476350376,4.308202576426226
75,arima212,1,20,0.02791679949285686,3.9092418234530544,5.06010881472384,4.381013936998307
75,arima212,2,20,0.01664620924704774,3.0084467163836197,5.341504464578752,4.4507789312477515
75,arima212,3,20,0.02929403298816513,4.027599526160088,NA,4.242637174306542
75,arima212,4,20,0.03251933582752131,4.714009988624488,4.296950751931136,3.7844049020041597
75,arima212,5,20,0.0322420056337287,4.2002330318495105,5.185816195755559,4.355436756058691
75,arima212,6,20,0.010919419431862698,2.5216009261914136,4.5965966806297205,4.15779297336246
75,arima212,7,20,0.01280438090204139,3.2520491323633975,4.425323086109859,3.942581851835944
75,arima212,8,20,0.016477907652138746,3.3109820217117125,4.678088955605392,4.111118552934551
75,arima212,9,20,0.03792441287362114,5.153167220134244,5.10622733592897,4.047962009604492
75,arima212,0,21,0.01450299717881598,3.1842355917699687,4.326237433636492,3.9048399941889467
75,arima212,1,21,0.02594285716665734,3.780849438266601,5.21320259144011,4.308202576426226
75,arima212,2,21,0.019478785714613367,3.2709023546122507,5.008323999471788,4.381013936998307
75,arima212,3,21,0.023031521806103794,3.5336994906630745,NA,4.4507789312477515
75,arima212,4,21,0.031199168608499472,4.156216549285163,4.696136801178646,4.242637174306542
75,arima212,5,21,0.0357480119523893,4.905837981885195,4.411419240221659,3.7844049020041597
75,arima212,6,21,0.02739113451355102,3.8676438673180473,5.064260306757057,4.355436756058691
75,arima212,7,21,0.00846267863522221,2.3330271865228296,4.4727442093857395,4.15779297336246
75,arima212,8,21,0.014685155816128281,3.4990356543011325,4.606436299151289,3.942581851835944
75,arima212,9,21,0.021120898037269353,3.5868152442675707,5.5212494830992735,4.111118552934551
75,arima212,0,22,0.011922868394833253,2.685106329939419,4.628976638473808,4.212451010948466
75,arima212,1,22,0.021113235654093288,3.6581667926216195,4.510966170726818,3.9048399941889467
75,arima212,2,22,0.015705045234180814,2.955959471124093,5.0030505601839215,4.308202576426226
75,arima212,3,22,0.0254442888073223,3.7320449175296924,NA,4.381013936998307
75,arima212,4,22,0.02538129982374182,3.713972835907085,5.44076294076901,4.4507789312477515
75,arima212,5,22,0.038567278548012895,4.619000683876858,4.8564362767178135,4.242637174306542
75,arima212,6,22,0.02124121515427746,4.04411853083168,4.124848906531012,3.7844049020041597
75,arima212,7,22,0.027901674052350223,3.9197581772463956,4.7904064595349105,4.355436756058691
75,arima212,8,22,0.006556869142540833,2.186966130501795,4.629465470392217,4.15779297336246
75,arima212,9,22,0.026475579989396203,4.229723409425233,4.855714205190225,3.942581851835944
75,arima212,0,23,0.013265660296172932,2.8214301688332872,4.840880685855883,4.313821933938209
75,arima212,1,23,0.021388922196020954,3.487111757704352,4.89938256984266,4.212451010948466
75,arima212,2,23,0.015438709658353145,3.2049025593850438,4.298566476676955,3.9048399941889467
75,arima212,3,23,0.021041249654035865,3.4104559417609215,NA,4.308202576426226
75,arima212,4,23,0.02764224599763876,3.8913948189208325,5.127759441804845,4.381013936998307
75,arima212,5,23,0.031027599619170565,4.108841448944917,5.51889550230282,4.4507789312477515
75,arima212,6,23,0.038204429367281745,4.589148213128219,4.831326901065211,4.242637174306542
75,arima212,7,23,0.018737826200539542,3.9966274829925994,4.163555661022912,3.7844049020041597
75,arima212,8,23,0.02430581672760812,3.6967372877511555,4.9985152578029854,4.355436756058691
75,arima212,9,23,0.010849207039254183,2.5571129043771013,4.7043125733497915,4.15779297336246
75,arima212,0,24,0.01823039525000325,3.503657356423318,4.4070478628436405,4.035043608733934
